ID Affiliates,Nama Affiliate,Username Affiliate,Omzet Penjualan(Rp),Produk Terjual,Pesanan,Clicks,Estimasi Komisi(Rp),ROI,Total Pembeli,Pembeli Baru,Bulan
11165600001,YouTube Shopping,youtube_shopping_id,114532507.0,145.0,109.0,1880.0,56440.0348,2029.3,106.0,82.0,Juni
11127920000,shopbackid,shopbackid_,103206303.0,156.0,111.0,185.0,947971.6958,108.9,94.0,56.0,Juni
11226330000,Mitgo,kartik14534,58850804.0,85.0,63.0,2.0,0.0,,61.0,41.0,Juni
11324910375,peekaboo_store,peekaboostore,51580741.0,86.0,68.0,0.0,0.0,,67.0,49.0,Juni
11242490000,Opera Norway,opear.adx,49770294.0,95.0,76.0,0.0,0.0,,76.0,52.0,Juni
11221300000,xtend1234,xtend1234,39886834.0,68.0,48.0,600.0,38541.41,1034.9,48.0,35.0,Juni
11273740000,ecomobiidkol,ecomobiidkol,39485611.0,43.0,39.0,4.0,0.0,,37.0,26.0,Juni
11111950000,interspaceindonesia2,interspaceindonesia2,38956089.0,39.0,36.0,137.0,0.0,,36.0,31.0,Juni
11328490877,platformrevinc,platformrevinc,27726727.0,49.0,36.0,0.0,0.0,,33.0,21.0,Juni
11146330000,interspaceindonesia,interspaceindonesia,23779415.0,35.0,29.0,0.0,0.0,,29.0,19.0,Juni
11321550872,f1yrjxnztr,f1yrjxnztr,21215222.0,27.0,26.0,292.0,229309.37,92.5,26.0,17.0,Juni
11328900942,abbasbahaudin,abbasbahaudin,17463401.0,18.0,17.0,137.0,255475.3429,68.4,17.0,12.0,Juni
11189120000,involveasia_id,involveasia_id,17302635.0,11.0,11.0,0.0,0.0,,10.0,7.0,Juni
11382070970,arden335,ardennnnnnnnnn,12724870.0,10.0,5.0,49.0,127248.7,100.0,4.0,3.0,Juni
11320000364,Kantong Ajaib,kantongajaibyt,12205480.0,11.0,6.0,405.0,0.0,,6.0,6.0,Juni
11344920555,Queen and Nemo,queenandnemo,11985085.0,12.0,12.0,143.0,127328.38,94.1,12.0,9.0,Juni
11358780635,baiduid,baiduid,10865630.0,4.0,4.0,0.0,0.0,,3.0,3.0,Juni
11368780882,fashionterbaruku,fashionterbaruku,10068100.0,2.0,1.0,0.0,0.0,,1.0,1.0,Juni
11107330003,involveasiapartner,involveasiapartner,10030151.0,7.0,6.0,0.0,0.0,,6.0,5.0,Juni
11318900263,Ifan_shnda,fandayly,8488262.0,18.0,9.0,1114.0,70410.6612,120.6,8.0,8.0,Juni
11278610000,vevesales123,vevesales123,8365199.0,21.0,13.0,0.0,0.0,,13.0,9.0,Juni
11335951093,mariawidi,somee_id,8006778.0,12.0,10.0,0.0,0.0,,10.0,9.0,Juni
11311810569,Joel Gracia,greypixels,7160928.0,7.0,7.0,0.0,0.0,,7.0,5.0,Juni
11399310745,patimah az-zahra,patimah.azzahra,6796940.0,5.0,3.0,17.0,67969.4,100.0,3.0,1.0,Juni
11320680569,YStekno,ystekno_,5620435.0,7.0,6.0,92.0,95887.222,58.6,6.0,3.0,Juni
11355730831,Ersa,ersa131313,5563621.0,6.0,1.0,15.0,55636.21,100.0,1.0,1.0,Juni
11327630679,Gangsar_Store5758,gangsar_store5758,5561085.0,3.0,3.0,18.0,59434.371,93.6,3.0,2.0,Juni
11380130350,Humaira.87,humaira.87,5520000.0,5.0,3.0,8.0,55200.0,100.0,1.0,0.0,Juni
11356921016,tasyastore273,tasyastore273,5506200.0,1.0,1.0,3.0,55062.0,100.0,1.0,0.0,Juni
11341230955,azizahstore288,azizahstore288,5486880.0,3.0,2.0,39.0,54868.8,100.0,1.0,1.0,Juni
11349720695,rumanauraa,ypermataa,5459520.0,1.0,1.0,1.0,54595.2,100.0,1.0,1.0,Juni
11309250683,Gavindo,sunaryopedia,5299200.0,10.0,2.0,4.0,52992.0,100.0,1.0,0.0,Juni
11300280861,MBS ID,boedyzhay,5211700.0,2.0,1.0,13.0,52117.0,100.0,1.0,1.0,Juni
11337130803,Kak Ahzafani,ahzafani_electronic,5097674.0,4.0,4.0,98.0,69328.3664,73.5,4.0,3.0,Juni
11313560267,MamiVincent,nastassyasamosir,4911880.0,2.0,1.0,0.0,0.0,,1.0,1.0,Juni
11352670880,mama_hukar,pasarmedia924,4896120.0,3.0,3.0,0.0,0.0,,3.0,3.0,Juni
11378930275,Dwi tri rahayu,uwietira,4819000.0,2.0,1.0,5.0,48190.0,100.0,1.0,0.0,Juni
11301001007,putusari828,putusari828,4733880.0,4.0,4.0,47.0,47338.8,100.0,4.0,2.0,Juni
11369270000,Teriyuloh,paski_shop,4696480.0,3.0,3.0,1.0,0.0,,3.0,2.0,Juni
11328521063,jevonadriansyah,muhammadjevonnn,4572385.0,1.0,1.0,0.0,0.0,,1.0,0.0,Juni
11370300357,ZoMiPet,zonamitrapets,4556390.0,1.0,1.0,2.0,45563.9,100.0,1.0,1.0,Juni
11396220107,Kang Abdul,kang.abdul12,4421340.0,3.0,3.0,0.0,0.0,,2.0,1.0,Juni
11384240608,Cuancuun,beautysolusi,4301595.0,15.0,15.0,115.0,43015.95,100.0,15.0,11.0,Juni
11312740486,Review Teh Ay ‚ú®,aurora.salsa93,4147199.0,3.0,2.0,144.0,41471.99,100.0,1.0,0.0,Juni
11300200018,KLINSKIN OFFICIAL,klinskin_official,4112000.0,1.0,1.0,0.0,0.0,,1.0,1.0,Juni
11317630002,Merry Jo,itsmerry91,4047000.0,1.0,1.0,0.0,0.0,,1.0,0.0,Juni
11362910456,Almoon üî±,almoon11,4028000.0,3.0,3.0,182.0,48336.0,83.3,3.0,2.0,Juni
11389580849,ROBIN,clanara,3995360.0,3.0,3.0,37.0,39953.6,100.0,3.0,1.0,Juni
11371771080,FALAH_STORE5758,falah_store5758,3967040.0,2.0,2.0,62.0,39670.4,100.0,2.0,2.0,Juni
11378371065,cintyamargono,cintyamargono,3896600.0,2.0,2.0,17.0,38966.0,100.0,2.0,1.0,Juni
11378890059,Annafidza Home Living,annafidzatul,3867772.0,1.0,1.0,0.0,0.0,,1.0,1.0,Juni
11320040028,Barang Unik,bananagraams,3822100.0,6.0,6.0,0.0,0.0,,6.0,5.0,Juni
11349260557,Bojo Judeg,hyakuhachijhuyon,3818000.0,1.0,1.0,18.0,38180.0,100.0,1.0,1.0,Juni
11350820938,TempoTabon,tempotabon,3769120.0,6.0,5.0,0.0,0.0,,5.0,3.0,Juni
11318470410,Fadhliaja,fadhliajaudah,3714000.0,9.0,1.0,81.0,63964.3024,58.1,1.0,0.0,Juni
11346790010,Devita Inggrit,devitainggrit,3703000.0,1.0,1.0,0.0,0.0,,1.0,1.0,Juni
11313091042,seraphinajin337,seraphinajin337,3634180.0,4.0,4.0,0.0,0.0,,4.0,4.0,Juni
11352090931,TOKO KHOERUNISSA,khoirunissa_ajah,3626300.0,3.0,3.0,0.0,0.0,,3.0,3.0,Juni
11344891088,Laila Anggita,lailaanggt,3579840.0,1.0,1.0,16.0,35798.4,100.0,1.0,1.0,Juni
11320250497,Ibuknana,ibuknana16,3565800.0,3.0,3.0,0.0,0.0,,3.0,2.0,Juni
11396291088,riskaapriani543,jemput.diskon,3558500.0,3.0,3.0,46.0,35585.0,100.0,3.0,2.0,Juni
11392540705,alvarendrastore5758,alvarendrastore5758,3476659.0,7.0,6.0,64.0,73301.0748,47.4,6.0,2.0,Juni
11353150524,Racunin ‚ú®,racuninin_inin,3473220.0,1.0,1.0,1.0,34732.2,100.0,1.0,1.0,Juni
11368850871,intan rahayu,tokointan_store,3472005.0,1.0,1.0,0.0,0.0,,1.0,1.0,Juni
11398390779,AstoboyKu,astoboystore,3453245.0,6.0,4.0,52.0,44428.076,77.7,4.0,3.0,Juni
11318450708,Ny.Dimas.Angga,ny.dimas.angga,3438400.0,3.0,2.0,5.0,34384.0,100.0,2.0,2.0,Juni
11331680363,Magdalena,magdalenakartika,3419640.0,3.0,1.0,2.0,34196.4,100.0,1.0,0.0,Juni
11332470153,Pangestu Percetakan,pangestu_percetakan,3384680.0,1.0,1.0,1.0,33846.8,100.0,1.0,0.0,Juni
11332170712,Tokosepatu99,tokosepatu325,3332971.0,1.0,1.0,0.0,0.0,,1.0,1.0,Juni
11342710229,Gerobak Online,beranda_aira,3317520.0,3.0,1.0,0.0,0.0,,1.0,0.0,Juni
11367620280,Hary,haryse111013,3269000.0,1.0,1.0,0.0,0.0,,1.0,0.0,Juni
11313090647,Velli,ameniavell_,3211120.0,2.0,1.0,0.0,0.0,,1.0,1.0,Juni
11300190258,resti liana sari,restilianasari91,3186240.0,1.0,1.0,0.0,0.0,,1.0,0.0,Juni
11394520228,Lorian Dominiq,loriandominique1,3166930.0,1.0,1.0,0.0,0.0,,1.0,1.0,Juni
11395551201,zhaskcoro,zhaskcoro,3160025.0,2.0,1.0,20.0,31600.25,100.0,1.0,1.0,Juni
11388960259,Delacroax,delacroax,3119420.0,5.0,3.0,85.0,66131.704,47.2,3.0,2.0,Juni
11346820970,beranimuak,beranimuak,3098880.0,3.0,2.0,25.0,30988.8,100.0,2.0,1.0,Juni
11394490778,Lia Rosalia Dewi,liarosaliadewi,3084480.0,1.0,1.0,2.0,30844.8,100.0,1.0,1.0,Juni
11338541106,l7732pa0e_,ok_store20,3068781.0,2.0,2.0,42.0,30687.81,100.0,2.0,2.0,Juni
11325640983,devatini,devatini,3044447.0,2.0,2.0,8.0,38360.0322,79.4,2.0,2.0,Juni
11370980134,Alikha aryanti ‚úÖ,alikhacorp,2937560.0,2.0,1.0,0.0,0.0,,1.0,1.0,Juni
11338220365,nining khairunnisa,nininghady,2930200.0,2.0,2.0,7.0,29302.0,100.0,2.0,1.0,Juni
11177960001,Flip deals,flip.deals,2927235.0,5.0,5.0,0.0,0.0,,5.0,3.0,Juni
11370690029,HR KompliTube Official Video,andrewhan,2894360.0,2.0,2.0,22.0,0.0,,2.0,1.0,Juni
11175310001,Ecomobi,ecomobi2,2882440.0,6.0,5.0,0.0,0.0,,5.0,5.0,Juni
11321120442,Fix Tekno,emen2425,2879100.0,9.0,1.0,1.0,28791.0,100.0,1.0,1.0,Juni
11393590094,PROULASAN,idrisrizal,2846000.0,2.0,1.0,1.0,28460.0,100.0,1.0,1.0,Juni
11326040194,DP Creative Expert,denzhopro,2753480.0,4.0,3.0,180.0,15463.2,178.1,3.0,3.0,Juni
11325791037,CheeseTart.Shop,rumiwastu,2703750.0,3.0,3.0,31.0,29963.5,90.2,3.0,3.0,Juni
11340770394,anggun_yunita1,anggunyunitasetiawati,2690000.0,8.0,2.0,5.0,26900.0,100.0,1.0,0.0,Juni
11308540701,Anggun Mastika,anggun.mastika,2641500.0,1.0,1.0,1.0,26415.0,100.0,1.0,0.0,Juni
11345970616,iFelz,muh.felmi,2594565.0,2.0,2.0,0.0,0.0,,2.0,2.0,Juni
11331071022,amegaa,skyamegairae,2587840.0,11.0,1.0,0.0,0.0,,1.0,1.0,Juni
11357770752,mn ardi santoso,mnardisantoso,2472960.0,3.0,1.0,0.0,0.0,,1.0,1.0,Juni
11361720232,PinsHome,pinshome,2441550.0,2.0,2.0,0.0,0.0,,2.0,2.0,Juni
11325880271,adhi tya restu,adhityarsstunugrohoo,2316320.0,2.0,2.0,83.0,17892.0,129.5,2.0,2.0,Juni
11336060972,Diana Indah,indahdiana914,2309200.0,1.0,1.0,13.0,23092.0,100.0,1.0,1.0,Juni
11353280848,ShopeeLivenow,live_officiastore,2286379.0,2.0,2.0,28.0,22863.79,100.0,2.0,2.0,Juni
"11326770633,""review"""""",davitkholil,2261000,2,2,2,22610,100.0,1,0",,,,,,,,,,,Juni
11360440472,Indirawnie,1409114884_.,2250000.0,50.0,1.0,0.0,0.0,,1.0,0.0,Juni
11364940404,Konter Attack,smartphoneofficialstore,2245250.0,1.0,1.0,464.0,22452.5,100.0,1.0,0.0,Juni
11367821020,opikcandra838,racun.belanj4,2219105.0,7.0,6.0,27.0,22191.05,100.0,6.0,4.0,Juni
11317390551,ilham wibowo,wibowo19888,2205000.0,1.0,1.0,0.0,0.0,,1.0,0.0,Juni
11321861101,RETY ASNAENI,dalemanajaib,2165080.0,2.0,2.0,39.0,43845.808,49.4,2.0,2.0,Juni
11384130208,NOVAL RAMADHAN,963_noval,2156400.0,2.0,1.0,0.0,0.0,,1.0,0.0,Juni
11314440155,Dewa Juned,dewajuned,2140760.0,4.0,3.0,43.0,4545.0,471.0,3.0,3.0,Juni
11373700211,Tasyasayeed21,tasyasayeed21,2112320.0,1.0,1.0,0.0,0.0,,1.0,1.0,Juni
11336650455,anasron hudalikah,hudalikasaja,2110000.0,1.0,1.0,5.0,21100.0,100.0,1.0,1.0,Juni
11398250236,Markas Digital,markasdigitalofficial,2057000.0,1.0,1.0,3.0,20570.0,100.0,1.0,1.0,Juni
11303100368,Jefri,moji.official,2038719.0,1.0,1.0,1.0,20387.19,100.0,1.0,0.0,Juni
11349460227,pukis kukus,ediwikon,2020480.0,1.0,1.0,1.0,20204.8,100.0,1.0,1.0,Juni
11364991131,Salma Nuha,salmanuh4,2001000.0,1.0,1.0,4.0,20010.0,100.0,1.0,1.0,Juni
11317510002,notyourbiy,iininda.a,1941300.0,1.0,1.0,0.0,0.0,,1.0,1.0,Juni
11360730278,Genmaju,genmaju,1882413.0,2.0,2.0,36.0,23304.996,80.8,2.0,2.0,Juni
11309721097,harigigit,harigigit,1874389.0,2.0,2.0,9.0,27319.5595,68.6,2.0,2.0,Juni
11333980000,Wanaa,muawanaganing,1860100.0,1.0,1.0,0.0,0.0,,1.0,0.0,Juni
11341500862,Pramayuda,abukhalid26,1838000.0,2.0,2.0,17.0,18380.0,100.0,2.0,0.0,Juni
11304390710,nyanyoy,agee.pamungkas,1837560.0,6.0,4.0,0.0,0.0,,4.0,1.0,Juni
11375920632,joshua,joshuakevinc,1834939.0,1.0,1.0,0.0,0.0,,1.0,1.0,Juni
11358030445,enurkhopipah,enurkhopipah,1825000.0,1.0,1.0,0.0,0.0,,1.0,1.0,Juni
11364450642,yazid,adiyaz,1823000.0,1.0,1.0,129.0,18230.0,100.0,1.0,1.0,Juni
11362000423,Ridho Apriyadi,ridho.apriyadi_,1819759.0,3.0,2.0,20.0,18197.59,100.0,2.0,0.0,Juni
11331170080,Wikan,wikander,1805960.0,1.0,1.0,0.0,0.0,,1.0,1.0,Juni
11392680840,Jionovan Hyn Suherman,jionovan,1804720.0,2.0,1.0,6.0,22261.553,81.1,1.0,1.0,Juni
11306090340,4GWD,wedeagung,1793000.0,1.0,1.0,1.0,17930.0,100.0,1.0,1.0,Juni
11356940591,Rasyid,rasyid.shop,1771000.0,1.0,1.0,27.0,17710.0,100.0,1.0,1.0,Juni
11312840021,tata pratama,tataprttma,1762200.0,1.0,1.0,0.0,0.0,,1.0,0.0,Juni
11316130618,perlengkapan babyy,sandwikawisnu589,1759469.0,2.0,2.0,21.0,20223.258,87.0,2.0,2.0,Juni
11381721161,bilianaditya,bilianaditya,1755244.0,2.0,1.0,0.0,0.0,,1.0,1.0,Juni
11349450218,Rikyy,dwirikii,1749120.0,1.0,1.0,0.0,0.0,,1.0,1.0,Juni
11332541163,fellisha_id,fellisha_id,1746278.0,3.0,1.0,6.0,37021.0936,47.2,1.0,0.0,Juni
11368200801,Djendral's Jack.id,boementteknik.online.store,1742480.0,2.0,1.0,0.0,0.0,,1.0,1.0,Juni
11365190554,timyland,timyland,1730000.0,1.0,1.0,5.0,46710.0,37.0,1.0,1.0,Juni
11392070861,yuyun26‚ú®,yuyun261195,1715700.0,2.0,1.0,0.0,0.0,,1.0,1.0,Juni
11332600214,Kodereels,kodemall,1691880.0,1.0,1.0,0.0,0.0,,1.0,1.0,Juni
11328950216,Melek Teknologi ID,melektek,1661440.0,1.0,1.0,0.0,0.0,,1.0,1.0,Juni
11351870224,Sella,ss121087,1661360.0,2.0,2.0,0.0,0.0,,2.0,2.0,Juni
11360451078,kilaceria,kilaceria,1652400.0,4.0,2.0,6.0,16524.0,100.0,2.0,2.0,Juni
11331240038,heydisss,lapak_diestore,1650240.0,1.0,1.0,0.0,0.0,,1.0,1.0,Juni
11366170402,Fajar Firdaus,fajaarfds,1649700.0,1.0,1.0,0.0,0.0,,1.0,1.0,Juni
11325330510,Gudang Semua,gudangsemua,1645096.0,4.0,4.0,48.0,16450.96,100.0,4.0,3.0,Juni
11336430306,accaüçì,cheseecake3,1642000.0,4.0,3.0,18.0,0.0,,2.0,1.0,Juni
11339550056,Ima Idayani,imaidayani,1641600.0,32.0,1.0,0.0,0.0,,1.0,0.0,Juni
11334970151,kelvin,meowmeowmeow0000,1637000.0,1.0,1.0,0.0,0.0,,1.0,1.0,Juni
11301470400,ikapella,ikapellabarkatillah,1628000.0,1.0,1.0,1.0,20512.8,79.4,1.0,1.0,Juni
11345840134,Teras Komputer,krisnadistya,1619000.0,1.0,1.0,4.0,16190.0,100.0,1.0,1.0,Juni
11341670667,Beebags.studio,beebags.studio,1600000.0,2.0,1.0,0.0,0.0,,1.0,1.0,Juni
11329610432,Rachmat Ramdhani,rachramdhani23,1584000.0,1.0,1.0,0.0,0.0,,1.0,1.0,Juni
11377390624,Djae,djaelangkung,1581480.0,1.0,1.0,33.0,15814.8,100.0,1.0,1.0,Juni
11386300295,Tokopunyacici,tokopunyacici,1573862.0,1.0,1.0,0.0,0.0,,1.0,1.0,Juni
11367790840,fadhlanrasyidüåü,rasyid.fadhlan,1573862.0,1.0,1.0,64.0,19830.6612,79.4,1.0,1.0,Juni
11345210195,Fathur,herearthur,1573862.0,1.0,1.0,91.0,0.0,,1.0,1.0,Juni
11356080199,KWAN,kgswansyah,1568600.0,3.0,3.0,0.0,0.0,,2.0,0.0,Juni
11399980207,RXIBIR,rezkyfwzi,1553576.0,1.0,1.0,104.0,23614.3552,65.8,1.0,1.0,Juni
11341250721,Arie saputra,ariesaputraa,1548895.0,1.0,1.0,0.0,0.0,,1.0,1.0,Juni
11323481076,Hasanudin,rj23n7jmym,1540633.0,2.0,1.0,0.0,0.0,,1.0,1.0,Juni
11346780785,makanan_store,dewastore877,1527040.0,2.0,1.0,0.0,0.0,,1.0,1.0,Juni
11315350923,Vicky Dewantara,vickynyafitri,1518960.0,2.0,2.0,0.0,0.0,,2.0,1.0,Juni
11342830913,umaryuzarsif,umaryuzarsif,1517960.0,7.0,4.0,16.0,15179.6,100.0,4.0,1.0,Juni
11358410871,Skincare Mediatama,skinname_skincare,1512000.0,1.0,1.0,0.0,0.0,,1.0,0.0,Juni
11355900102,Sicode Promo,kode10ruslan,1510080.0,1.0,1.0,0.0,0.0,,1.0,1.0,Juni
11371531157,paizpaiz069,kasturiflow,1508920.0,1.0,1.0,10.0,15089.2,100.0,1.0,1.0,Juni
11394160265,itsmefirdaa,fhafaridah24,1508080.0,1.0,1.0,4.0,0.0,,1.0,1.0,Juni
11368940242,Bang Ades,ades.saja,1493620.0,1.0,1.0,0.0,0.0,,1.0,1.0,Juni
11375850160,nur_azizah8899,nur_azizah8899,1478400.0,1.0,1.0,20.0,14784.0,100.0,1.0,0.0,Juni
11325880031,Lita Setia Asih,paperflower_bylita,1454507.0,1.0,1.0,0.0,0.0,,1.0,1.0,Juni
11354320287,Aldy Rosaldy,aldy_rosaldy,1428400.0,1.0,1.0,2.0,19426.24,73.5,1.0,1.0,Juni
11328260223,online shop üòç,barnazz73,1424985.0,1.0,1.0,5.0,17099.82,83.3,1.0,1.0,Juni
11347350178,Firdaus Masitha,frdmtha,1422900.0,1.0,1.0,1.0,14229.0,100.0,1.0,1.0,Juni
11349160574,asiastore20,asiastore20,1416450.0,1.0,1.0,3.0,14164.5,100.0,1.0,1.0,Juni
11381760276,Dentisna KY,dentisna,1412400.0,1.0,1.0,4.0,14124.0,100.0,1.0,1.0,Juni
11306130163,dinie arvieanti,diniearv,1412400.0,1.0,1.0,3.0,14124.0,100.0,1.0,0.0,Juni
11385150077,TyaYaa,tiaayaa,1411800.0,1.0,1.0,0.0,0.0,,1.0,1.0,Juni
11313260738,PBcell,chiki_chiki90,1400000.0,1.0,1.0,5.0,16800.0,83.3,1.0,1.0,Juni
11362180380,jeannies.raco,jeanniesalq,1394720.0,1.0,1.0,0.0,0.0,,1.0,1.0,Juni
11383740943,Stamsy13ü§çü©µ,stamsy13,1390500.0,1.0,1.0,1.0,13905.0,100.0,1.0,1.0,Juni
11308290845,Kacamata,barangalus,1384023.0,2.0,2.0,0.0,0.0,,2.0,2.0,Juni
11367850171,Suharto Efendi,genjol17,1382938.0,2.0,2.0,0.0,0.0,,2.0,2.0,Juni
11352240334,Dika Satria Bagus Panuntun,dika_satria_b.p,1380855.0,5.0,4.0,248.0,0.0,,4.0,3.0,Juni
11327770937,jashujanshope,jashujanshope,1378160.0,10.0,1.0,0.0,0.0,,1.0,1.0,Juni
11338490094,aileen,reissue.me,1371427.0,1.0,1.0,0.0,0.0,,1.0,1.0,Juni
11307520810,Nadyakelilingeropa,nadyakelilingeropa,1370800.0,1.0,1.0,0.0,0.0,,1.0,1.0,Juni
11397631068,indra,kakzxngy4z,1369000.0,1.0,1.0,0.0,0.0,,1.0,1.0,Juni
11333460242,Arisaputra644060,sukamatchasamakamu,1369000.0,1.0,1.0,0.0,0.0,,1.0,1.0,Juni
11348770517,BILHANET,bilhanet,1363000.0,1.0,1.0,0.0,0.0,,1.0,1.0,Juni
11382180356,Jati Irianto,jatishop,1355000.0,1.0,1.0,0.0,0.0,,1.0,1.0,Juni
11398630233,Nusantara.Cod,nusantara.cod,1351480.0,1.0,1.0,0.0,0.0,,1.0,1.0,Juni
11300661054,Sebatsdulu,akbargfri,1351480.0,1.0,1.0,0.0,0.0,,1.0,1.0,Juni
11188960000,involve_id,involve_id,1351000.0,1.0,1.0,1.0,0.0,,1.0,1.0,Juni
11322080700,NURIS6677,nuris6677,1350000.0,1.0,1.0,5.0,16200.0,83.3,1.0,1.0,Juni
11310040325,Defi Eli,defielirahmawati,1342880.0,1.0,1.0,0.0,0.0,,1.0,1.0,Juni
11394580954,AyuuRahayu,rahayuzainisw,1331184.0,1.0,1.0,0.0,0.0,,1.0,1.0,Juni
11396720772,wdd_,widodowahyu034,1322100.0,1.0,1.0,30.0,17980.56,73.5,1.0,1.0,Juni
11389370094,Hanapi,belidonk626,1322100.0,1.0,1.0,0.0,0.0,,1.0,1.0,Juni
11391810329,stickpoper,stickpoper,1321120.0,1.0,1.0,8.0,13211.2,100.0,1.0,1.0,Juni
11384490327,Techmanis,ninosagitario,1320000.0,1.0,1.0,0.0,0.0,,1.0,1.0,Juni
11303520930,FRS TECH,frstech100,1317500.0,1.0,1.0,59.0,15810.0,83.3,1.0,1.0,Juni
11367280814,Makanan_viral.id,makanan_viral.id,1314284.0,1.0,1.0,0.0,0.0,,1.0,0.0,Juni
11338150084,Bocahjadul.id,bocahjadul.id,1311200.0,1.0,1.0,27.0,0.0,,1.0,1.0,Juni
11362541047,Ms Eddo,eddo699,1311000.0,1.0,1.0,8.0,17829.6,73.5,1.0,1.0,Juni
11306180630,üçí‚ú®,medicaliens,1301000.0,1.0,1.0,0.0,0.0,,1.0,1.0,Juni
11394640119,Mhas Agoes Triambada,mhashas09,1299033.0,1.0,1.0,0.0,0.0,,1.0,1.0,Juni
11392891138,rismarsm,rsmarsm,1292720.0,1.0,1.0,3.0,17580.992,73.5,1.0,0.0,Juni
11385660010,hasbi,meanstuff,1292720.0,1.0,1.0,0.0,0.0,,1.0,1.0,Juni
11376920408,Any Rosadi,anirosadi,1292720.0,1.0,1.0,0.0,0.0,,1.0,1.0,Juni
11300870540,Hii.dai,day2dreams,1292720.0,1.0,1.0,4.0,17580.992,73.5,1.0,1.0,Juni
11301000784,Anggie Mooie,anggie_mooie,1284320.0,1.0,1.0,4.0,12843.2,100.0,1.0,0.0,Juni
11338020963,yatechno.id,pwandiganteng,1278000.0,1.0,1.0,0.0,0.0,,1.0,1.0,Juni
11379970009,Yesti liana,yestilianap,1274400.0,1.0,1.0,0.0,0.0,,1.0,0.0,Juni
11381660150,Shakinah77,niken.eka,1274320.0,1.0,1.0,0.0,0.0,,1.0,1.0,Juni
11385700959,Pmauto seat cover,pmauto.workshop,1273685.0,1.0,1.0,0.0,0.0,,1.0,1.0,Juni
11384160132,üéÄdevisuryaüçï,devi_surya93,1270800.0,2.0,2.0,4.0,12708.0,100.0,1.0,0.0,Juni
11186370000,involveasiakol_id,involveasiakol_id,1270799.0,13.0,3.0,8.0,0.0,,3.0,2.0,Juni
11323950020,Fachturrahman,fachturrahman23,1268493.0,2.0,2.0,0.0,0.0,,2.0,1.0,Juni
11303330289,Mann,hannisarifqifaradiilaa,1267869.0,3.0,2.0,34.0,25065.3188,50.6,2.0,2.0,Juni
11372520027,Kocak petcaah,kocak.petcaah,1266500.0,1.0,1.0,0.0,0.0,,1.0,1.0,Juni
11320360740,ARTAFAEAT STORE,suwandiantoro,1260000.0,4.0,4.0,15.0,12600.0,100.0,4.0,4.0,Juni
11331320585,sugeng_network,sugeng_network,1247400.0,1.0,1.0,3.0,12474.0,100.0,1.0,1.0,Juni
11323400192,Syammm.,mhisyamp13,1243550.0,1.0,1.0,0.0,0.0,,1.0,1.0,Juni
11325670715,ipnaaps,irmapratiwi93,1222000.0,1.0,1.0,2.0,12220.0,100.0,1.0,1.0,Juni
11352700628,JAVA DIGITAL CREATIVE,javadigitalcreative,1217612.0,2.0,2.0,0.0,0.0,,2.0,2.0,Juni
11365520612,Nur harsono,nur.harsono,1216240.0,1.0,1.0,0.0,0.0,,1.0,1.0,Juni
11365350267,jamurajaib,willywanady,1212779.0,1.0,1.0,0.0,0.0,,1.0,1.0,Juni
11382730995,Alita,litamardiana935,1207724.0,1.0,1.0,7.0,12077.24,100.0,1.0,1.0,Juni
11304920429,Diskonin Online,diskonin.online,1204632.0,1.0,1.0,1.0,13732.8048,87.7,1.0,1.0,Juni
11395320156,Himawari‚ú®üíõ,agus_agus123,1171901.0,1.0,1.0,1.0,11719.01,100.0,1.0,0.0,Juni
11371920667,afrias1m,sapasukuan,1171800.0,2.0,2.0,59.0,24842.16,47.2,2.0,2.0,Juni
11343480346,MUHAMMAD RAIHAN,muhammadraihan1903,1161040.0,2.0,1.0,0.0,0.0,,1.0,1.0,Juni
11377550763,novitads,nopitads17,1145760.0,2.0,1.0,0.0,0.0,,1.0,1.0,Juni
11327810730,Toko~bu susi,bsstore88,1144723.0,2.0,1.0,1.0,24268.1276,47.2,1.0,0.0,Juni
11327951068,narayaalinne,narayaalinne,1139000.0,1.0,1.0,8.0,11390.0,100.0,1.0,1.0,Juni
11374821009,Khafuuk,apajen,1135000.0,1.0,1.0,0.0,0.0,,1.0,1.0,Juni
11303370107,MUAD ABDULLAH,muadz_74,1128000.0,1.0,1.0,0.0,0.0,,1.0,0.0,Juni
11351411032,GVNXSTORE,gvnxstore,1122000.0,1.0,1.0,41.0,0.0,,1.0,1.0,Juni
11392750208,Nuryega,nury_os1,1110000.0,1.0,1.0,0.0,0.0,,1.0,0.0,Juni
11304130446,Agus_Electronic,agus_electronic,1105840.0,1.0,1.0,5.0,11058.4,100.0,1.0,1.0,Juni
11369980789,gudang elektronik,gudang_elektonik_murah,1105569.0,2.0,2.0,4.0,23438.0628,47.2,1.0,0.0,Juni
11300130952,Satra_store,citraa22,1099150.0,1.0,1.0,6.0,10991.5,100.0,1.0,1.0,Juni
11330180121,HasnaAisy,hasnaaisy,1097360.0,1.0,1.0,2.0,10973.6,100.0,1.0,1.0,Juni
11349691074,rajin.belanj4,rajin.belanj4,1097010.0,4.0,3.0,11.0,10970.1,100.0,3.0,2.0,Juni
11306631150,Dwita,dwitapratama,1094935.0,1.0,1.0,3.0,10949.35,100.0,1.0,1.0,Juni
11368110119,Andri Anto,andriantobest_007,1084330.0,9.0,4.0,45.0,10843.3,100.0,4.0,3.0,Juni
11343340204,mona habibullah,mang_ucup313,1082880.0,1.0,1.0,0.0,0.0,,1.0,1.0,Juni
11378690082,ruangdanrindu.id,lapakaksesoris,1080640.0,1.0,1.0,0.0,0.0,,1.0,0.0,Juni
11323340597,Hermawan,hermawandroid,1059821.0,1.0,1.0,0.0,0.0,,1.0,1.0,Juni
11340071099,KirimCepat.Id,soleh752,1057000.0,1.0,1.0,2.0,10570.0,100.0,1.0,1.0,Juni
11321590000,NanangMrk Store,nanangmrkstore,1054640.0,3.0,3.0,28.0,0.0,,3.0,2.0,Juni
11315880379,Dina,luihara,1035000.0,1.0,1.0,0.0,0.0,,1.0,1.0,Juni
11309630159,GADGETKUID,gadget.kuid,1035000.0,1.0,1.0,0.0,0.0,,1.0,0.0,Juni
11347990117,Wishy,firasefyann,1028000.0,1.0,1.0,0.0,0.0,,1.0,1.0,Juni
11325290773,mariegrandbois,mariegrandbois,1027012.0,21.0,12.0,46.0,10270.12,100.0,12.0,7.0,Juni
11396720821,adji,jilankomputer,1018160.0,1.0,1.0,4.0,10181.6,100.0,1.0,1.0,Juni
11326741172,farizal muslim,kero29,1018000.0,1.0,1.0,0.0,0.0,,1.0,0.0,Juni
11332360261,GadGetIh,gadgetih,1006200.0,1.0,1.0,0.0,0.0,,1.0,0.0,Juni
11328880468,Syahbuddin M,syahbuddinm,1003287.0,2.0,1.0,0.0,0.0,,1.0,1.0,Juni
11362840332,Bryan Majestic Shop,bryanexeliano,1000000.0,2.0,1.0,3.0,10000.0,100.0,1.0,1.0,Juni
11356370273,bal,miqbalhalim,989585.0,1.0,1.0,5.0,9895.85,100.0,1.0,1.0,Juni
11318720002,lizzebethmua,lizzebethmua,983480.0,1.0,1.0,0.0,0.0,,1.0,1.0,Juni
11362801095,Sora Miori,riandaerlintang6697,981000.0,1.0,1.0,0.0,0.0,,1.0,0.0,Juni
11393630228,puisi_cinta,robyprastowo,970000.0,1.0,1.0,0.0,0.0,,1.0,0.0,Juni
11372600403,yatishopparna,yenihariyatitumanggor,965480.0,4.0,2.0,2.0,9654.8,100.0,2.0,2.0,Juni
11352680972,nanabelaaaa,nanazeev,963599.0,2.0,1.0,0.0,0.0,,1.0,0.0,Juni
11368990687,dek tawan,dek_tawan,957000.0,1.0,1.0,4.0,9570.0,100.0,1.0,1.0,Juni
11398110607,Leatherband,leatherband,953000.0,1.0,1.0,0.0,0.0,,1.0,1.0,Juni
11336201121,paul,partohaps,946680.0,1.0,1.0,0.0,0.0,,1.0,1.0,Juni
11362500641,aisoft,aisoft,946000.0,2.0,1.0,5.0,9460.0,100.0,1.0,0.0,Juni
11386020620,Daven's Gallery‚ú®,ootdep,944000.0,1.0,1.0,0.0,0.0,,1.0,1.0,Juni
11371030290,Cabal Alfarghaniüåü,cabalfarghani,938880.0,2.0,1.0,49.0,9388.8,100.0,1.0,1.0,Juni
11338710610,teguh parwan,ahmadsyekhmusyaffa,937479.0,1.0,1.0,0.0,0.0,,1.0,1.0,Juni
11323810909,Serba Murah Dapurku,serbadappur,917100.0,1.0,1.0,0.0,0.0,,1.0,1.0,Juni
11330490259,Abah Flo,broery1988,914759.0,1.0,1.0,0.0,0.0,,1.0,0.0,Juni
11331710944,Grn,anggreni.ai,914320.0,1.0,1.0,1.0,9143.2,100.0,1.0,1.0,Juni
11340331126,TokoNayla85,tokonayla85,904000.0,1.0,1.0,8.0,9040.0,100.0,1.0,1.0,Juni
11304821122,Kholid Hendra Irawan,coleddecal,904000.0,1.0,1.0,0.0,0.0,,1.0,0.0,Juni
11314740310,Yael,el_yael,899100.0,1.0,1.0,0.0,0.0,,1.0,0.0,Juni
11386170896,Faadhilah,cytrusproject,894600.0,1.0,1.0,10.0,8946.0,100.0,1.0,1.0,Juni
11399320420,Keynovanti,keynovanti,885600.0,1.0,1.0,0.0,0.0,,1.0,1.0,Juni
11327760897,Heru,alodit,884120.0,1.0,1.0,1.0,8841.2,100.0,1.0,1.0,Juni
11367750283,@kyujugostudio,kyujugostudio,879300.0,1.0,1.0,0.0,0.0,,1.0,1.0,Juni
11342470049,AirCond Solution,aircondsolution,879300.0,1.0,1.0,0.0,0.0,,1.0,1.0,Juni
11313520951,berkahtoko965,berkahtoko965,875195.0,1.0,1.0,18.0,8751.95,100.0,1.0,1.0,Juni
11393670790,entang_haji,mediataubah,873100.0,2.0,2.0,0.0,0.0,,2.0,2.0,Juni
11315001105,Nur Hidayat,nurhidayat498,854050.0,1.0,1.0,0.0,0.0,,1.0,1.0,Juni
11341840245,Kukka BerburuSale,kuk_ka,844559.0,2.0,1.0,0.0,0.0,,1.0,0.0,Juni
11395171015,ginanjaratma,ginanjaratma,829800.0,1.0,1.0,9.0,8298.0,100.0,1.0,1.0,Juni
11363240847,Maritsa,maritsamff,829800.0,1.0,1.0,1.0,8298.0,100.0,1.0,1.0,Juni
11357200763,MELI,rezel.1010,829800.0,1.0,1.0,7.0,8298.0,100.0,1.0,1.0,Juni
11329010296,Aditya Mahendra,mahendaditya,826200.0,1.0,1.0,0.0,0.0,,1.0,0.0,Juni
11359710000,RDR STORE DIGITALECTRONIC LIVE  OLSHOP,andriforestudernanta,816300.0,1.0,1.0,0.0,0.0,,1.0,1.0,Juni
11356120403,Deva Dani,hunterpcnews,816000.0,3.0,3.0,9.0,0.0,,3.0,3.0,Juni
11389821152,Sky Decal,sky.decal,813600.0,1.0,1.0,0.0,0.0,,1.0,1.0,Juni
11389430435,quotspositif,creator.id,813600.0,1.0,1.0,360.0,25465.68,31.9,1.0,1.0,Juni
11375640239,user1007652526,tenritsuzu,810600.0,1.0,1.0,13.0,25371.78,31.9,1.0,1.0,Juni
11389150169,riyanah,riyanahsudar28,809100.0,1.0,1.0,0.0,0.0,,1.0,1.0,Juni
11345800741,Aneka Ragam,kasman8899,809100.0,1.0,1.0,2.0,8091.0,100.0,1.0,0.0,Juni
11338880000,Dion Haryadi,dionharyadi23,809100.0,1.0,1.0,0.0,0.0,,1.0,1.0,Juni
11363120260,MazHar,haryanto1527,807979.0,1.0,1.0,0.0,0.0,,1.0,0.0,Juni
11386360086,Pauline H,frederika.pauline,806400.0,1.0,1.0,0.0,0.0,,1.0,1.0,Juni
11399330204,Alpha_kicuy,alpha_kicuy,805500.0,1.0,1.0,0.0,0.0,,1.0,0.0,Juni
11344250676,SAHOCK,sahock,805500.0,1.0,1.0,19.0,25212.15,31.9,1.0,1.0,Juni
11345660975,TECHNOPART999,digitech9,797390.0,1.0,1.0,88.0,24958.307,31.9,1.0,1.0,Juni
11305800416,Shop Community,katadigital,793800.0,1.0,1.0,0.0,0.0,,1.0,1.0,Juni
11335271083,SHODIK,shodikharddisk,791120.0,1.0,1.0,5.0,7911.2,100.0,1.0,1.0,Juni
11312550035,Nizar Mumtaz,nizarnuraz1721,784043.0,2.0,2.0,7.0,7840.43,100.0,2.0,2.0,Juni
11380100004,Fla,jannafla,779400.0,2.0,1.0,0.0,0.0,,1.0,1.0,Juni
11307650152,Taufik ismail,taufikismail.id,775750.0,3.0,2.0,25.0,7757.5,100.0,2.0,2.0,Juni
11378920001,Linmolita,molly.preloved,774900.0,2.0,2.0,0.0,0.0,,2.0,1.0,Juni
11302020000,Racun Belanja,racun_belanja,774900.0,2.0,2.0,0.0,0.0,,2.0,2.0,Juni
11366720729,cakapcuan,riyalistiya,769500.0,1.0,1.0,0.0,0.0,,1.0,1.0,Juni
11322710945,pusatmakanan99,pusatmakanan99,759061.0,8.0,5.0,26.0,7590.61,100.0,5.0,2.0,Juni
11378590007,·∞î·©ö·©öMrs.Vhieee,mrs.vhie,751890.0,2.0,1.0,0.0,0.0,,1.0,1.0,Juni
11333420502,muhamad arifin,arivain,737100.0,2.0,1.0,89.0,9222.84,79.9,1.0,0.0,Juni
11331960000,YunitaRD,rd_yunita12,733919.0,1.0,1.0,0.0,0.0,,1.0,1.0,Juni
11323220704,mel.,meliashani,719000.0,1.0,1.0,0.0,0.0,,1.0,1.0,Juni
11371940024,ayohijrahku,agungpmt,711555.0,2.0,2.0,0.0,0.0,,2.0,2.0,Juni
11390660401,sune_sama,fariantpancaputra,707480.0,3.0,2.0,2.0,920.0,769.0,1.0,0.0,Juni
11351381136,douce_aura,douce_aura,687360.0,2.0,1.0,1.0,6873.6,100.0,1.0,0.0,Juni
11309300413,Taufik,ataufik135,679500.0,1.0,1.0,0.0,0.0,,1.0,1.0,Juni
11317650295,NarumiChan,unihapil,655000.0,1.0,1.0,25.0,0.0,,1.0,1.0,Juni
11349900817,frans hendri,franstwentyone,648000.0,1.0,1.0,3.0,6480.0,100.0,1.0,1.0,Juni
11323700700,fauzi mustakim,goedang_berkah,648000.0,1.0,1.0,0.0,0.0,,1.0,1.0,Juni
11309130145,susiafianti01,susiafianti01,648000.0,1.0,1.0,0.0,0.0,,1.0,1.0,Juni
11337260004,SitusGadget,hiphugger.id,637870.0,1.0,1.0,162.0,13522.844,47.2,1.0,0.0,Juni
11330271100,ARIL AFRIANSYAH,nisaanjaniputriherman355,630850.0,1.0,1.0,0.0,0.0,,1.0,1.0,Juni
11303580528,Rahito,rahmat_teha,627000.0,1.0,1.0,49.0,6270.0,100.0,1.0,1.0,Juni
11327190338,Ians,ianskudo,624960.0,1.0,1.0,1.0,13249.152,47.2,1.0,1.0,Juni
11339280542,lestarisyifa038,syifalestari384,614585.0,2.0,2.0,0.0,0.0,,2.0,2.0,Juni
11362730705,Tukang Listrik Amatiran,aseppriyono,607500.0,1.0,1.0,2.0,8019.0,75.8,1.0,0.0,Juni
11348370818,MhmmdAryadi,muhammadaryadi3,607500.0,1.0,1.0,0.0,0.0,,1.0,1.0,Juni
11340060474,Tri Yulianto,triy01,607500.0,1.0,1.0,14.0,6075.0,100.0,1.0,1.0,Juni
11323610667,alfinsatria824,alfinsatria824,607500.0,1.0,1.0,3.0,6075.0,100.0,1.0,1.0,Juni
11322480408,Alvera Oktapia,alvera40,607455.0,1.0,1.0,0.0,0.0,,1.0,1.0,Juni
11346620356,Dwi Wahyu Sekar,dwi_wahyu17,605700.0,2.0,1.0,4.0,12619.08,48.0,1.0,1.0,Juni
11387491017,azis,abdulazis240204,598920.0,1.0,1.0,0.0,0.0,,1.0,1.0,Juni
11359700650,Fazloer Rahman,fazloerr,598920.0,1.0,1.0,3.0,12697.104,47.2,1.0,1.0,Juni
11308201034,Capricart,088888siaj,598920.0,1.0,1.0,2.0,12697.104,47.2,1.0,0.0,Juni
11399220265,Nanda Arsyinta,nandaamh,598000.0,2.0,2.0,0.0,0.0,,2.0,1.0,Juni
11388340071,ika,riskha.mrfh,596700.0,1.0,1.0,0.0,0.0,,1.0,1.0,Juni
11388000885,rumahonline607,rumahonline607,596700.0,1.0,1.0,8.0,7876.44,75.8,1.0,1.0,Juni
11364200640,ginta,ginta1,596700.0,1.0,1.0,1.0,7876.44,75.8,1.0,1.0,Juni
11360430282,Rizky Digital Printing,rizkydwyan,596700.0,2.0,1.0,2.0,12529.08,47.6,1.0,1.0,Juni
11305990734,MIPP Nusantara,mipp.nusantara,589950.0,1.0,1.0,9.0,15043.725,39.2,1.0,0.0,Juni
11346940425,Kokokioo,kokokioo,587700.0,1.0,1.0,46.0,7757.64,75.8,1.0,1.0,Juni
11399260256,Kelingkingku,kelingkingku,585900.0,1.0,1.0,0.0,0.0,,1.0,1.0,Juni
11385970792,Maktabah Ubaidillah,maktabahubaidillah,585900.0,1.0,1.0,0.0,0.0,,1.0,1.0,Juni
11375861078,safira widayanti,safirawidayanti_,585900.0,1.0,1.0,4.0,12421.08,47.2,1.0,1.0,Juni
11373950465,terbitbersinar,sinarfyp,585900.0,1.0,1.0,3.0,12421.08,47.2,1.0,1.0,Juni
11351360508,Lina,lina.setiadji,585900.0,1.0,1.0,0.0,0.0,,1.0,1.0,Juni
11344570930,DRZ STORE,drzstoree,585900.0,1.0,1.0,5.0,12421.08,47.2,1.0,0.0,Juni
11305020096,desain.id,waliefhusain,585900.0,1.0,1.0,0.0,0.0,,1.0,1.0,Juni
11302730661,Arifin berkah online,arifin_al_fatihshop,585900.0,1.0,1.0,0.0,0.0,,1.0,0.0,Juni
11399900907,gunturalghazali338,gunturalghazali338,585899.0,1.0,1.0,7.0,12421.0588,47.2,1.0,1.0,Juni
11314221052,nay,hanay64,585899.0,1.0,1.0,0.0,0.0,,1.0,1.0,Juni
11321020336,Ulfi,laksmitaulfi,585644.0,1.0,1.0,1.0,7730.5008,75.8,1.0,1.0,Juni
11340431030,sweetheart,belanjaankuoke,578700.0,1.0,1.0,1.0,7638.84,75.8,1.0,1.0,Juni
11396090476,syafiranindya êôö,louv.kitties,577555.0,1.0,1.0,0.0,0.0,,1.0,1.0,Juni
11340870460,Chr,chrisantenum,576000.0,8.0,1.0,5.0,5760.0,100.0,1.0,0.0,Juni
11351350096,sukmaayu25,sukmaayuwidiastuti,574639.0,1.0,1.0,3.0,7585.2348,75.8,1.0,1.0,Juni
11368050139,Promo Wow,promowow,569700.0,1.0,1.0,5.0,12077.64,47.2,1.0,1.0,Juni
11346210695,BARITO,tokobarito,567900.0,1.0,1.0,0.0,0.0,,1.0,1.0,Juni
11326881089,Fildabeat,fildabeat,567900.0,1.0,1.0,0.0,0.0,,1.0,0.0,Juni
11311840950,Afif Jauhari,afifjauhari7,567900.0,1.0,1.0,3.0,12039.48,47.2,1.0,1.0,Juni
11377730903,resariswaniahnih,dealbelanja,565360.0,3.0,3.0,0.0,0.0,,3.0,2.0,Juni
11365260135,Rosely Marchela,roselymarchela,561400.0,2.0,2.0,0.0,0.0,,2.0,2.0,Juni
11390470478,Paniesa Jaya Teknik,paniesa.jaya.teknik,558900.0,1.0,1.0,6.0,14251.95,39.2,1.0,0.0,Juni
11347261064,faridasafa,safasahara0106,558900.0,1.0,1.0,4.0,14251.95,39.2,1.0,1.0,Juni
11323590090,Yoga Herdian Prasetyo,mass_yoga26,554400.0,2.0,1.0,1.0,5544.0,100.0,1.0,0.0,Juni
11348260948,Donah,romdonah_olshop_mall,552590.0,3.0,2.0,9.0,5525.9,100.0,2.0,2.0,Juni
11318550754,polffhdhdhe,polffhdhdhe,550350.0,1.0,1.0,2.0,11667.42,47.2,1.0,1.0,Juni
11316221001,Naia Putri,naiaputri754,550285.0,1.0,1.0,0.0,0.0,,1.0,0.0,Juni
11338020145,Shine,helennar,549900.0,2.0,1.0,0.0,0.0,,1.0,1.0,Juni
11301590646,Mey,meryyapardi,549000.0,5.0,1.0,2.0,5490.0,100.0,1.0,1.0,Juni
11380491070,Manis Treasor Official,ameenaqueenstore,548240.0,2.0,2.0,4.0,5482.4,100.0,2.0,1.0,Juni
11352370198,Best recomd for you,edoadji21,541800.0,1.0,1.0,0.0,0.0,,1.0,1.0,Juni
11383870533,Febriantoni,februantoni,539520.0,2.0,1.0,3.0,5395.2,100.0,1.0,1.0,Juni
11374161088,albarcell165,albarcell165,539100.0,1.0,1.0,38.0,13747.05,39.2,1.0,1.0,Juni
11306400409,queenshopp99,queenelektronik99,539100.0,1.0,1.0,1.0,5391.0,100.0,1.0,1.0,Juni
11380720628,sustore,sri_sumiyati28,535900.0,1.0,1.0,2.0,5359.0,100.0,1.0,1.0,Juni
11325270262,KaFa Professional,ahmad.nur_faisol,532400.0,1.0,1.0,4.0,5324.0,100.0,1.0,1.0,Juni
11358900193,imeficelle,imeficelle,527850.0,1.0,1.0,0.0,0.0,,1.0,1.0,Juni
11323910684,Veny,veny2,525429.0,1.0,1.0,6.0,11139.0948,47.2,1.0,1.0,Juni
11331490956,Garshop,salman.alghf20,522000.0,1.0,1.0,1.0,5220.0,100.0,1.0,1.0,Juni
11378240003,Fahmi Hidayat,fahmicoffee,518910.0,2.0,2.0,5.0,0.0,,2.0,1.0,Juni
11305690853,bamblibluto,bambibluto,509237.0,1.0,1.0,5.0,10795.8244,47.2,1.0,1.0,Juni
11319810001,Markicot,usepbatara82,505750.0,2.0,1.0,0.0,0.0,,1.0,0.0,Juni
11127920000,shopbackid,shopbackid_,87276731.0,207.0,116.0,257.0,1304089.9519,66.9,94.0,58.0,Juli
11165600001,YouTube Shopping,youtube_shopping_id,68957488.0,104.0,95.0,3256.0,99587.08,692.4,94.0,80.0,Juli
11226330000,Mitgo,kartik14534,59047655.0,117.0,86.0,1.0,0.0,,83.0,60.0,Juli
11324910375,peekaboo_store,peekaboostore,56086668.0,80.0,68.0,0.0,0.0,,67.0,56.0,Juli
11242490000,Opera Norway,opear.adx,37938897.0,83.0,71.0,0.0,0.0,,71.0,60.0,Juli
11273740000,ecomobiidkol,ecomobiidkol,35148685.0,72.0,52.0,3.0,0.0,,52.0,39.0,Juli
11221300000,xtend1234,xtend1234,31577869.0,108.0,64.0,617.0,154965.5452,203.8,63.0,45.0,Juli
11328490877,platformrevinc,platformrevinc,26765045.0,43.0,34.0,0.0,0.0,,34.0,25.0,Juli
11111950000,interspaceindonesia2,interspaceindonesia2,25022557.0,27.0,21.0,329.0,19281.24,1297.8,21.0,15.0,Juli
11146330000,interspaceindonesia,interspaceindonesia,20667097.0,45.0,34.0,0.0,0.0,,34.0,26.0,Juli
11321861101,RETY ASNAENI,dalemanajaib,13634663.0,15.0,12.0,139.0,156420.68,87.2,11.0,9.0,Juli
11318900263,Ifan_shnda,fandayly,12896240.0,7.0,6.0,1443.0,139519.0,92.4,6.0,6.0,Juli
11344920555,Queen and Nemo,queenandnemo,11240540.0,10.0,8.0,98.0,185055.6,60.7,8.0,7.0,Juli
11374871033,Permata Sahra Az zahra,milestor,9648000.0,2.0,1.0,3.0,96480.0,100.0,1.0,0.0,Juli
11311810569,Joel Gracia,greypixels,9295382.0,5.0,5.0,0.0,0.0,,5.0,3.0,Juli
11394351163,windarih591,windarih591,8863360.0,3.0,2.0,21.0,88633.6,100.0,2.0,2.0,Juli
11323590481,Azim,azimkhoir,8528060.0,6.0,2.0,2.0,113214.8,75.3,1.0,1.0,Juli
11278610000,vevesales123,vevesales123,8459337.0,17.0,13.0,0.0,0.0,,13.0,10.0,Juli
11358780635,baiduid,baiduid,7770148.0,23.0,12.0,0.0,0.0,,12.0,9.0,Juli
11321550872,f1yrjxnztr,f1yrjxnztr,7561420.0,18.0,16.0,129.0,115427.1374,65.5,16.0,13.0,Juli
11300511184,Sleepmon Store,nutrinusantaraa,7360745.0,7.0,5.0,70.0,114528.25,64.3,5.0,4.0,Juli
11332960045,Kelontongers,awanmohamad_,7086720.0,9.0,1.0,0.0,0.0,,1.0,1.0,Juli
11350300429,vivi leonardo,vhieleo,6941650.0,1.0,1.0,4.0,69416.5,100.0,1.0,1.0,Juli
11316570574,Warung Apa Saja,warungapasaja,6469440.0,1.0,1.0,1.0,64694.4,100.0,1.0,1.0,Juli
11177960001,Flip deals,flip.deals,6132872.0,15.0,13.0,7.0,57415.21,106.8,12.0,7.0,Juli
11398851003,heryanasultan,heryanasultan,6070587.0,5.0,4.0,34.0,121411.74,50.0,4.0,4.0,Juli
11328900942,abbasbahaudin,abbasbahaudin,5772236.0,10.0,7.0,47.0,198260.5,29.1,6.0,1.0,Juli
11399170512,Erwin Hadinata,erwinhadinata1,5712000.0,1.0,1.0,13.0,57120.0,100.0,1.0,1.0,Juli
11344891088,Laila Anggita,lailaanggt,5606550.0,3.0,3.0,14.0,58009.5,96.6,3.0,3.0,Juli
11189120000,involveasia_id,involveasia_id,5536599.0,9.0,9.0,0.0,0.0,,9.0,8.0,Juli
11331500988,ima,fathimahzahr006,5264640.0,1.0,1.0,1.0,52646.4,100.0,1.0,1.0,Juli
11308740058,Kartika,anandakartikaw,5025000.0,1.0,1.0,10.0,50250.0,100.0,1.0,0.0,Juli
11399220265,Nanda Arsyinta,nandaamh,4950050.0,7.0,6.0,0.0,0.0,,6.0,4.0,Juli
11352390939,puput,puput3211,4924664.0,9.0,4.0,18.0,243053.9968,20.3,4.0,4.0,Juli
11307800727,TOBAKU 99 OFFICIAL,tobaku99,4909000.0,1.0,1.0,3.0,49090.0,100.0,1.0,1.0,Juli
11347360479,Stan.3Volt,stanly.atala,4798500.0,1.0,1.0,28.0,47985.0,100.0,1.0,1.0,Juli
11346820970,beranimuak,beranimuak,4779460.0,3.0,3.0,23.0,47794.6,100.0,3.0,2.0,Juli
11340770394,anggun_yunita1,anggunyunitasetiawati,4754880.0,1.0,1.0,6.0,47548.8,100.0,1.0,0.0,Juli
11385211155,Electro Harmony,all_storehome,4740069.0,11.0,11.0,71.0,47400.69,100.0,11.0,9.0,Juli
11363431227,Rikaz Iffandi,r1k4z3,4532000.0,2.0,1.0,3.0,45320.0,100.0,1.0,1.0,Juli
11343330561,Bia,biadonut,4464760.0,2.0,1.0,0.0,0.0,,1.0,1.0,Juli
11355611073,Maulana,maulana_comp,4441500.0,1.0,1.0,5.0,44415.0,100.0,1.0,1.0,Juli
11392180763,Spill Suka Suka,spillsukasuka,4369080.0,2.0,2.0,14.0,48089.688,90.9,2.0,1.0,Juli
11321310070,Dendy Aprista,dndyaprst,4356200.0,1.0,1.0,0.0,0.0,,1.0,1.0,Juli
11188960000,involve_id,involve_id,4023500.0,6.0,3.0,0.0,0.0,,3.0,2.0,Juli
11333060923,The King Gani Official,lumpangmas01,3957680.0,4.0,4.0,72.0,48231.225,82.1,4.0,3.0,Juli
11303040368,fahrul muchamat riza,gubedao,3929760.0,1.0,1.0,9.0,39297.6,100.0,1.0,1.0,Juli
11324170196,Sadam,madas1997,3850000.0,1.0,1.0,0.0,0.0,,1.0,1.0,Juli
11361720232,PinsHome,pinshome,3729839.0,3.0,2.0,0.0,0.0,,2.0,2.0,Juli
11324931175,Keongracun Super,k30n6124tjo3n5up312,3598417.0,34.0,15.0,79.0,74483.22,48.3,15.0,11.0,Juli
11360430644,m adam baharudin,deviizatul98,3507080.0,2.0,2.0,10.0,0.0,,2.0,2.0,Juli
11335420993,Toko online,gunsss592,3208150.0,1.0,1.0,0.0,0.0,,1.0,1.0,Juli
11325390001,BIGBITBIC,bestindotech,3186420.0,1.0,1.0,0.0,0.0,,1.0,1.0,Juli
11332461160,SOPANAH,sopanahperlengkapanelektron,3177160.0,3.0,3.0,43.0,54471.6,58.3,2.0,1.0,Juli
11303440743,rickylim,rickylimanto,3169000.0,1.0,1.0,66.0,0.0,,1.0,1.0,Juli
11341570413,Gudang Gadget & Electronik,rubamatour01,3124800.0,5.0,1.0,1.0,66245.76,47.2,1.0,0.0,Juli
11337260004,SitusGadget,hiphugger.id,3098679.0,2.0,2.0,194.0,25175.0,123.1,2.0,2.0,Juli
11322751093,Gtid.tech,gtid.tech,3091800.0,2.0,2.0,0.0,0.0,,2.0,1.0,Juli
11352670880,mama_hukar,pasarmedia924,3022080.0,4.0,4.0,0.0,0.0,,4.0,2.0,Juli
11374890192,Fikri Nugroho,fikrinugroho24,3009600.0,3.0,2.0,4.0,30096.0,100.0,1.0,1.0,Juli
11395520227,Simple,f.desi,3008400.0,1.0,1.0,0.0,0.0,,1.0,1.0,Juli
11300120764,PT. Bethesda Raja Kanu,reginanoviaa,3006520.0,1.0,1.0,6.0,60130.4,50.0,1.0,1.0,Juli
11320680569,YStekno,ystekno_,2956000.0,2.0,1.0,33.0,35472.0,83.3,1.0,0.0,Juli
11323680864,shopee'deals‚ú®,pratistadhea,2900000.0,2.0,2.0,7.0,58000.0,50.0,1.0,1.0,Juli
11371920667,afrias1m,sapasukuan,2875100.0,5.0,2.0,64.0,172506.0,16.7,1.0,1.0,Juli
11388960259,Delacroax,delacroax,2858964.0,5.0,5.0,76.0,133401.3568,21.4,5.0,4.0,Juli
11395080042,budi supriyadi,supriyadibudi,2835450.0,2.0,2.0,0.0,0.0,,2.0,1.0,Juli
11395080413,Desy Anggraeni,dsyngg,2829000.0,5.0,1.0,6.0,28290.0,100.0,1.0,1.0,Juli
11315900047,Zahara shop,riskayantiy,2829000.0,1.0,1.0,6.0,28290.0,100.0,1.0,1.0,Juli
11392420905,firman,firman_g,2740220.0,1.0,1.0,15.0,27402.2,100.0,1.0,1.0,Juli
11363400215,JoeAdalahCerdikiawan,joe1407,2730560.0,2.0,1.0,0.0,0.0,,1.0,1.0,Juli
11392540705,alvarendrastore5758,alvarendrastore5758,2687550.0,2.0,2.0,33.0,56305.5,47.7,2.0,2.0,Juli
11367571164,TECHNO COMPUTER ID,technocomputerid,2686730.0,2.0,1.0,0.0,0.0,,1.0,1.0,Juli
11311800930,Abednego,b4t460r,2623000.0,1.0,1.0,1.0,26230.0,100.0,1.0,1.0,Juli
11344860544,NYS Mart,fauzi_muhammad_09011997,2564040.0,3.0,1.0,5.0,25640.4,100.0,1.0,1.0,Juli
11373540421,Muh Fadjar Rhomadoni,muhfadjar14,2547865.0,1.0,1.0,0.0,0.0,,1.0,1.0,Juli
11345210195,Fathur,herearthur,2545929.0,2.0,2.0,43.0,0.0,,2.0,2.0,Juli
11386110633,Liaivana27,farrahivana277,2528000.0,2.0,1.0,0.0,0.0,,1.0,0.0,Juli
11324200458,Umy Nafingah,umminafingah,2462231.0,6.0,1.0,6.0,24622.31,100.0,1.0,1.0,Juli
11344700320,Oinasalim,oinasalim88,2461000.0,1.0,1.0,0.0,0.0,,1.0,1.0,Juli
11309790919,dandahamda,dandahamda,2440447.0,5.0,5.0,18.0,58415.62,41.8,5.0,5.0,Juli
11380100004,Fla,jannafla,2408061.0,4.0,2.0,0.0,0.0,,2.0,2.0,Juli
11107330003,involveasiapartner,involveasiapartner,2387860.0,2.0,2.0,0.0,0.0,,1.0,1.0,Juli
11339950547,Mecca Bite,mecca.alfirmansyah,2387400.0,1.0,1.0,2.0,23874.0,100.0,1.0,1.0,Juli
11365710760,rachma,rachmatitik,2376900.0,5.0,3.0,4.0,35523.0,66.9,1.0,0.0,Juli
11344161145,Mohamad Isaq,putriyuliana.komputer,2365150.0,2.0,2.0,18.0,34789.0,68.0,2.0,1.0,Juli
11393291141,empatbeersaudara,empatbeersaudara,2316100.0,1.0,1.0,8.0,23161.0,100.0,1.0,0.0,Juli
11317650295,NarumiChan,unihapil,2316100.0,1.0,1.0,15.0,0.0,,1.0,0.0,Juli
11314670582,Maulana Rizky Pratama,rizkypratama.19,2308280.0,3.0,1.0,0.0,0.0,,1.0,1.0,Juli
11371171156,IMAM AL FIKRI,imam.al.fikri,2298160.0,2.0,1.0,0.0,0.0,,1.0,0.0,Juli
11330390035,VPeN - Fiber Equipment & Network Solution,vpenid,2289000.0,1.0,1.0,0.0,0.0,,1.0,0.0,Juli
11391761101,Innovate Hub,punyyuniati,2264773.0,7.0,5.0,71.0,22647.73,100.0,5.0,2.0,Juli
11378000417,Agatha Cookies,agatha.coj,2253080.0,1.0,1.0,2.0,22530.8,100.0,1.0,1.0,Juli
11366200948,twentyloss,twentylos,2217200.0,2.0,1.0,1.0,44344.0,50.0,1.0,0.0,Juli
11399310745,patimah az-zahra,patimah.azzahra,2172451.0,6.0,4.0,41.0,21724.51,100.0,4.0,2.0,Juli
11394360968,nikitaones003,nikitaones213,2139899.0,7.0,7.0,53.0,21398.99,100.0,7.0,7.0,Juli
11368120072,Sandra Hana Zakiyyah,hana_sandra1304,2133900.0,4.0,2.0,0.0,0.0,,2.0,2.0,Juli
11310340347,Hormalinawarni Sipayung,hormalina71,2099500.0,1.0,1.0,0.0,0.0,,1.0,1.0,Juli
11352070697,byYas22,tiyas_anggra22,2096100.0,1.0,1.0,0.0,0.0,,1.0,0.0,Juli
11386300295,Tokopunyacici,tokopunyacici,2075700.0,3.0,2.0,0.0,0.0,,2.0,2.0,Juli
11370140866,Siska Yunanti,siskayunanti99,2073680.0,1.0,1.0,2.0,20736.8,100.0,1.0,1.0,Juli
11368850871,intan rahayu,tokointan_store,2070640.0,3.0,2.0,0.0,0.0,,2.0,2.0,Juli
11305160329,Arjuna.co.id,arjuna.co.id,2059000.0,1.0,1.0,0.0,0.0,,1.0,1.0,Juli
11357020322,Triyanto,triyanto1812,2055500.0,2.0,2.0,1.0,19250.0,106.8,1.0,1.0,Juli
11306210393,Rekomendasi Pagi,theandcs,2047513.0,5.0,5.0,19.0,20475.13,100.0,5.0,4.0,Juli
11371450618,Ummu Fudhail,ummanya.fudhail,2024000.0,4.0,1.0,2.0,20240.0,100.0,1.0,0.0,Juli
11387141004,hasna,hasna_aj,2002000.0,2.0,1.0,1.0,20020.0,100.0,1.0,0.0,Juli
11330781020,Cece Cilik,cececilik,1994700.0,2.0,2.0,5.0,48432.0,41.2,1.0,0.0,Juli
11354790232,affiliate_shilla,resifreshilla,1990880.0,2.0,1.0,0.0,0.0,,1.0,1.0,Juli
11350810208,Ahmad Asrori,a.asrori,1989180.0,9.0,2.0,7.0,78749.6,25.3,1.0,0.0,Juli
11398390779,AstoboyKu,astoboystore,1983985.0,9.0,7.0,40.0,30109.85,65.9,7.0,5.0,Juli
11301251057,Orion Star Wars,berhalauang,1964600.0,1.0,1.0,15.0,19646.0,100.0,1.0,1.0,Juli
11372220013,basoacimaknyak,maknyakcooking,1932760.0,2.0,1.0,0.0,0.0,,1.0,0.0,Juli
11352240334,Dika Satria Bagus Panuntun,dika_satria_b.p,1893500.0,1.0,1.0,313.0,18935.0,100.0,1.0,1.0,Juli
11384580905,Poltek Hacer 66,poltekhacer66,1844416.0,4.0,4.0,33.0,18444.16,100.0,4.0,4.0,Juli
11364300668,Anto,antoiswanto63,1839200.0,2.0,2.0,3.0,18392.0,100.0,1.0,1.0,Juli
11346451148,Supeli Panai,supelipanai,1764000.0,1.0,1.0,0.0,0.0,,1.0,1.0,Juli
11381560894,shafirahasanah970,shafirahasanah970,1752720.0,3.0,3.0,48.0,105163.2,16.7,3.0,3.0,Juli
11359271174,Hapnan Arsad Riski,hapnan99,1745000.0,2.0,1.0,18.0,17450.0,100.0,1.0,1.0,Juli
11366950689,official_sttore,official_sttore,1741302.0,1.0,1.0,0.0,0.0,,1.0,1.0,Juli
11312301293,Fionda_2,fionda_2,1737414.0,3.0,2.0,0.0,0.0,,2.0,2.0,Juli
11321590000,NanangMrk Store,nanangmrkstore,1736775.0,7.0,4.0,17.0,0.0,,4.0,3.0,Juli
11338060982,intan_naysilla.shop,intan_naysilla.shop,1729777.0,2.0,2.0,48.0,17297.77,100.0,2.0,1.0,Juli
11372030342,Janisandbibu,oissjacinda,1725000.0,2.0,1.0,0.0,0.0,,1.0,1.0,Juli
11374330445,SALADINE,swarga.dine,1719000.0,1.0,1.0,0.0,0.0,,1.0,1.0,Juli
11382670702,anobri herbal,anitasutama,1716720.0,1.0,1.0,1.0,17167.2,100.0,1.0,1.0,Juli
11303070146,Pebriani Artha,pebrianiartha,1695000.0,1.0,1.0,1.0,16950.0,100.0,1.0,1.0,Juli
11300870999,hotnewsss,vipkabarselebrita,1666703.0,3.0,3.0,0.0,0.0,,3.0,2.0,Juli
11397690923,indurasmicadudasa,indurasmicadudasa,1655030.0,1.0,1.0,4.0,20853.378,79.4,1.0,0.0,Juli
11315350923,Vicky Dewantara,vickynyafitri,1634886.0,1.0,1.0,0.0,0.0,,1.0,1.0,Juli
11186370000,involveasiakol_id,involveasiakol_id,1633680.0,2.0,2.0,12.0,0.0,,2.0,2.0,Juli
11326140432,Munawarah jusman,rumahitam.putih,1601720.0,2.0,1.0,31.0,16017.2,100.0,1.0,1.0,Juli
11300850956,Lily Wakekok,lilywakekok,1597902.0,3.0,2.0,0.0,0.0,,2.0,2.0,Juli
11334060736,nhnurulnh,nhnurulnh,1595000.0,1.0,1.0,2.0,15950.0,100.0,1.0,1.0,Juli
11320490982,pideee,pide_e,1590680.0,1.0,1.0,10.0,95440.8,16.7,1.0,0.0,Juli
11375850160,nur_azizah8899,nur_azizah8899,1581480.0,1.0,1.0,3.0,15814.8,100.0,1.0,0.0,Juli
11374511171,AdeTheLion,adethelion,1581480.0,1.0,1.0,0.0,0.0,,1.0,1.0,Juli
11318491098,Mawar Online,mawaronline13,1581480.0,1.0,1.0,1.0,15814.8,100.0,1.0,1.0,Juli
11304670120,Humbling.id,almarinora,1581480.0,1.0,1.0,6.0,15814.8,100.0,1.0,1.0,Juli
11362000423,Ridho Apriyadi,ridho.apriyadi_,1568600.0,2.0,1.0,13.0,15686.0,100.0,1.0,1.0,Juli
11358000751,Tiya Wijayanti,tiya.wijayanti21,1550000.0,3.0,1.0,1.0,15500.0,100.0,1.0,1.0,Juli
11320660180,Review produk lifestyle,mamicharissa,1547040.0,1.0,1.0,2.0,15470.4,100.0,1.0,1.0,Juli
11315270929,zallinak,zallinak,1534403.0,3.0,1.0,9.0,15344.03,100.0,1.0,0.0,Juli
11317680253,OOTD,ooteday,1529606.0,2.0,2.0,0.0,0.0,,2.0,2.0,Juli
11193480001,CALLY CLOTHING | INSTAGRAM @callyclothing,callyclothing,1523500.0,1.0,1.0,0.0,0.0,,1.0,1.0,Juli
11366630772,WE.DID.IT,dheageavany,1517000.0,1.0,1.0,0.0,0.0,,1.0,1.0,Juli
11333830335,Alat Lab Official,abie_prayitno,1500300.0,3.0,2.0,8.0,15003.0,100.0,2.0,0.0,Juli
11370330259,Fauzan üü°,fauzanmuhajir,1491328.0,4.0,3.0,0.0,0.0,,3.0,3.0,Juli
11347231157,Kang Potret Store,pajamaqueen,1483971.0,2.0,2.0,18.0,28570.71,51.9,2.0,2.0,Juli
11317621103,Dhanz1,dhannzz1,1475000.0,2.0,1.0,0.0,0.0,,1.0,1.0,Juli
11328380811,navirobot,hjjhgsjshe,1465680.0,1.0,1.0,5.0,14656.8,100.0,1.0,0.0,Juli
11392540654,1q257wq0sx,1q257wq0sx,1452880.0,1.0,1.0,1.0,14528.8,100.0,1.0,0.0,Juli
11388860179,elvor.store,elvor.store,1430600.0,1.0,1.0,0.0,0.0,,1.0,1.0,Juli
11361581106,healthy.sides,healthy.sides,1430600.0,1.0,1.0,0.0,0.0,,1.0,1.0,Juli
11331600175,MNF25,matarimachie,1430575.0,1.0,1.0,0.0,0.0,,1.0,1.0,Juli
11322370970,Iwan Susana,ekamustikasari28,1428300.0,1.0,1.0,1.0,14283.0,100.0,1.0,1.0,Juli
11374990253,BEAUTY BOX SURABAYA,beautyboxsurabaya,1414160.0,1.0,1.0,2.0,14141.6,100.0,1.0,0.0,Juli
11318180586,Produk Pilihan Mama Rita,biggibabystore,1411520.0,1.0,1.0,2.0,14115.2,100.0,1.0,1.0,Juli
11335450816,Zyan Are,estudwiprakoso,1409999.0,1.0,1.0,0.0,0.0,,1.0,1.0,Juli
11356660673,pibhub_,pibhub_,1380349.0,4.0,1.0,11.0,13803.49,100.0,1.0,1.0,Juli
11362910456,Almoon üî±,almoon11,1380000.0,1.0,1.0,136.0,16560.0,83.3,1.0,0.0,Juli
11344250676,SAHOCK,sahock,1379080.0,1.0,1.0,15.0,27581.6,50.0,1.0,1.0,Juli
11326020564,Agvega Corp,laveniaif,1370800.0,3.0,1.0,1.0,18213.24,75.3,1.0,0.0,Juli
11396720772,wdd_,widodowahyu034,1351480.0,1.0,1.0,81.0,18380.128,73.5,1.0,1.0,Juli
11398640102,Birru Ponsel,drtortillas,1345040.0,1.0,1.0,0.0,0.0,,1.0,1.0,Juli
11322170885,Arid14,ariiiiddddd14,1345040.0,1.0,1.0,3.0,13450.4,100.0,1.0,1.0,Juli
11339601100,Keisya,ananda_keisyaa,1340000.0,1.0,1.0,2.0,13400.0,100.0,1.0,1.0,Juli
11319230433,Nurul sugiyanti,nurulsugiyanti,1334995.0,1.0,1.0,3.0,13349.95,100.0,1.0,1.0,Juli
11302350491,kleine thuis,jennifer_ash,1331000.0,2.0,1.0,223.0,13310.0,100.0,1.0,0.0,Juli
11345660975,TECHNOPART999,digitech9,1328292.0,2.0,2.0,170.0,52742.52,25.2,2.0,1.0,Juli
11301000784,Anggie Mooie,anggie_mooie,1296000.0,1.0,1.0,2.0,12960.0,100.0,1.0,1.0,Juli
11345970616,iFelz,muh.felmi,1292621.0,1.0,1.0,14.0,0.0,,1.0,1.0,Juli
11373210465,Arif Rahman Hakim,khadafiraziabizar,1287080.0,1.0,1.0,20.0,12870.8,100.0,1.0,1.0,Juli
11113050000,optimiseid,optimiseid,1286560.0,1.0,1.0,0.0,0.0,,1.0,1.0,Juli
11385950022,Rindini Via R,rindi_rahmadanii,1282486.0,1.0,1.0,0.0,0.0,,1.0,1.0,Juli
11393670790,entang_haji,mediataubah,1277000.0,3.0,1.0,0.0,0.0,,1.0,1.0,Juli
11345560093,NR90_LIPSTIK,nr90_fashion,1274760.0,3.0,3.0,11.0,12747.6,100.0,1.0,0.0,Juli
11371780718,Indra Fernando Sianipar,inoutletshop,1255680.0,1.0,1.0,8.0,0.0,,1.0,0.0,Juli
11376750661,christech,krisna.mmaulana,1254000.0,1.0,1.0,3.0,17054.4,73.5,1.0,1.0,Juli
11335820480,Faidzun,amien_faidzun,1253200.0,1.0,1.0,2.0,25064.0,50.0,1.0,1.0,Juli
11377070555,Eros Chandra,erosdechandra,1248000.0,2.0,1.0,0.0,0.0,,1.0,1.0,Juli
11387390445,Faeyza Abqari Nurochman,eyzadj73,1240500.0,11.0,2.0,3.0,12405.0,100.0,2.0,1.0,Juli
11314190269,ipal 2712,pranat_ong27,1229000.0,1.0,1.0,0.0,0.0,,1.0,1.0,Juli
11389480454,Ulfah Yunita,agakenyang_,1228480.0,1.0,1.0,0.0,0.0,,1.0,1.0,Juli
11332030602,Feri Purwanto,feri2578,1227280.0,1.0,1.0,1.0,12272.8,100.0,1.0,1.0,Juli
11324630295,Aprino,aprino27,1222680.0,1.0,1.0,1.0,12226.8,100.0,1.0,1.0,Juli
11384471203,Muhammad Rafi Nur Fauzi,ompol_ganteng,1219000.0,1.0,1.0,2.0,12190.0,100.0,1.0,1.0,Juli
11318510952,ISTANA TECH,istanatech,1217250.0,7.0,6.0,38.0,40657.5,29.9,6.0,4.0,Juli
11349450218,Rikyy,dwirikii,1202040.0,4.0,2.0,4.0,12020.4,100.0,1.0,1.0,Juli
11300860415,rumahjemblem,yuekai86,1202000.0,2.0,1.0,1.0,25482.4,47.2,1.0,0.0,Juli
11334820661,Shop V Tech,virtual_tech93,1201399.0,2.0,2.0,0.0,0.0,,2.0,0.0,Juli
11302750562,Yunus Nur Hidayat,edutechno01,1190000.0,3.0,1.0,2.0,11900.0,100.0,1.0,0.0,Juli
11318530159,Zulkipli Almahdum,zulkiplialmahdum,1184444.0,4.0,4.0,0.0,0.0,,4.0,4.0,Juli
11349710821,shofianur,nuranishofia,1183247.0,2.0,2.0,4.0,23664.94,50.0,2.0,1.0,Juli
11337970121,Yaka nur ibadah,11yakanur,1183000.0,1.0,1.0,1.0,0.0,,1.0,1.0,Juli
11313091042,seraphinajin337,seraphinajin337,1181709.0,4.0,4.0,0.0,0.0,,4.0,4.0,Juli
11368110119,Andri Anto,andriantobest_007,1180160.0,10.0,4.0,32.0,11801.6,100.0,4.0,3.0,Juli
11322280367,Alvin,toko_tmp,1177200.0,2.0,1.0,1.0,70632.0,16.7,1.0,1.0,Juli
11382730995,Alita,litamardiana935,1175000.0,1.0,1.0,9.0,11750.0,100.0,1.0,1.0,Juli
11398550648,‚ú®RACUN UTIWW‚ú®,marselinaputriii,1174800.0,2.0,1.0,0.0,0.0,,1.0,1.0,Juli
11374240834,kucing listrik,kucingtradisional,1173000.0,1.0,1.0,1.0,11730.0,100.0,1.0,1.0,Juli
11345600528,ZelinAlisha,putrashoppping,1164141.0,2.0,2.0,25.0,69848.46,16.7,2.0,2.0,Juli
11362960249,Fibiyana,fibiyana03,1164000.0,2.0,1.0,16.0,69840.0,16.7,1.0,1.0,Juli
11390720179,Annisa Shalihah,olik1191,1149000.0,1.0,1.0,0.0,0.0,,1.0,1.0,Juli
11388440265,VSC ONLINE STORE,vsc.online_store,1149000.0,1.0,1.0,0.0,0.0,,1.0,0.0,Juli
11363690449,aditiya dika putra,aditiyadikap,1149000.0,1.0,1.0,3.0,15626.4,73.5,1.0,0.0,Juli
11376380997,nicolasdevin,nicolasdevin,1139000.0,1.0,1.0,2.0,11390.0,100.0,1.0,1.0,Juli
11338180034,‚Ä¢Nazwa Shop‚Ä¢,alkidostore,1137500.0,1.0,1.0,0.0,0.0,,1.0,0.0,Juli
11312991122,DARYONO,daryonopowersuplay,1137500.0,1.0,1.0,44.0,22750.0,50.0,1.0,1.0,Juli
11358250002,Mira Amalia,miraamalia12345,1132000.0,1.0,1.0,0.0,0.0,,1.0,0.0,Juli
11336851008,DailyUse,ahyenk,1127700.0,2.0,2.0,7.0,0.0,,2.0,0.0,Juli
11346790373,Chandra Febrianto Tarigan,cdr007,1127000.0,1.0,1.0,0.0,0.0,,1.0,0.0,Juli
11318470410,Fadhliaja,fadhliajaudah,1126435.0,2.0,2.0,89.0,47118.4792,23.9,2.0,1.0,Juli
11384800685,windy,ritawindiati,1120000.0,1.0,1.0,0.0,0.0,,1.0,1.0,Juli
11396410218,titin.dimas,titin_dimas28,1119316.0,2.0,1.0,0.0,0.0,,1.0,0.0,Juli
11395100727,muslimdaily,muslimdailyid,1116070.0,5.0,4.0,25.0,0.0,,4.0,2.0,Juli
11326020424,berlia (lia),berlia0401,1110719.0,1.0,1.0,2.0,11107.19,100.0,1.0,1.0,Juli
11341260929,first.narciss,mtarihandayani,1105200.0,1.0,1.0,0.0,0.0,,1.0,1.0,Juli
11317080281,mastri12,mastri12,1104000.0,1.0,1.0,0.0,0.0,,1.0,0.0,Juli
11365991119,Fionda_1,fionda_1,1098503.0,6.0,4.0,0.0,0.0,,4.0,3.0,Juli
11343351184,Hello Everyone,ranggipratamaanggi,1097000.0,2.0,1.0,1.0,10970.0,100.0,1.0,0.0,Juli
11303281059,fitria_saputri12,fitria_saputri12,1080000.0,2.0,1.0,3.0,17550.0,61.5,1.0,0.0,Juli
11323540270,koleksiperabotku,mahfudin220490,1070660.0,4.0,3.0,0.0,0.0,,3.0,3.0,Juli
11394580954,AyuuRahayu,rahayuzainisw,1052000.0,1.0,1.0,0.0,0.0,,1.0,1.0,Juli
11363270524,henrykurniawaan,henrykurniawaan,1048344.0,2.0,2.0,0.0,0.0,,1.0,1.0,Juli
11373740492,Dyan,dyanzie,1015000.0,1.0,1.0,0.0,0.0,,1.0,0.0,Juli
11372731255,Jasa Desain Murah,izzakrisna,1005451.0,3.0,2.0,9.0,37577.06,26.8,1.0,0.0,Juli
11355010784,Purnama,purnamagandalf,990025.0,1.0,1.0,4.0,9900.25,100.0,1.0,0.0,Juli
11307680734,Senasensen,senafika,983010.0,1.0,1.0,15.0,19660.2,50.0,1.0,1.0,Juli
11396580257,Kelvin Kurniawan,kelvinkurniawan07_,979799.0,1.0,1.0,0.0,0.0,,1.0,1.0,Juli
11305380100,sekilas.it,rendyadha22,972000.0,1.0,1.0,3.0,0.0,,1.0,1.0,Juli
11320000364,Kantong Ajaib,kantongajaibyt,970000.0,1.0,1.0,407.0,0.0,,1.0,0.0,Juli
11326400033,nisacookie,nisacookieaja,947000.0,1.0,1.0,0.0,0.0,,1.0,1.0,Juli
11336000077,Fadhilatur Rochman,aldhi99,943000.0,1.0,1.0,1.0,9430.0,100.0,1.0,1.0,Juli
11387220389,KrikKun,packoprack,941600.0,1.0,1.0,7.0,0.0,,1.0,1.0,Juli
11357781165,jajijumadi,jajijumadi,938690.0,1.0,1.0,7.0,9386.9,100.0,1.0,1.0,Juli
11368080487,rohana,rohana3195,928800.0,1.0,1.0,12.0,9288.0,100.0,1.0,1.0,Juli
11334020990,lunasxingzhau,lunaxingzhau,927100.0,1.0,1.0,6.0,9271.0,100.0,1.0,1.0,Juli
11330760529,Gema_Aksesoris,gema_aksesoris,925790.0,1.0,1.0,4.0,18515.8,50.0,1.0,1.0,Juli
11365110394,ÎãàÌÇ§,kimjannn,923300.0,1.0,1.0,0.0,0.0,,1.0,1.0,Juli
11306680299,UcokharismanB,ucokharisman12,923295.0,1.0,1.0,0.0,0.0,,1.0,0.0,Juli
11389320989,Qonita_SiCantik üíï‚ú®,neng_momyqonita,922108.0,1.0,1.0,0.0,0.0,,1.0,1.0,Juli
11381700303,little_jindan07,cica27,921000.0,1.0,1.0,0.0,0.0,,1.0,1.0,Juli
11370320097,sharingoutfit,sharingoutfit,910000.0,1.0,1.0,0.0,0.0,,1.0,0.0,Juli
11381570335,Arin,kanarin,906205.0,1.0,1.0,0.0,0.0,,1.0,1.0,Juli
11380720628,sustore,sri_sumiyati28,899977.0,1.0,1.0,7.0,8999.77,100.0,1.0,0.0,Juli
11302530031,acha üå∫,aisyahfyni,888800.0,1.0,1.0,0.0,0.0,,1.0,1.0,Juli
11356690081,Yuyun Wahyuni,yynwhy,872154.0,1.0,1.0,0.0,0.0,,1.0,0.0,Juli
11395450588,kynbosss,kynboss26,867600.0,3.0,2.0,21.0,8676.0,100.0,2.0,1.0,Juli
11376200264,byAis,aisyahummu14,854800.0,1.0,1.0,16.0,8548.0,100.0,1.0,0.0,Juli
11339650490,yunihanafiantara,yunihanafiantara,842399.0,2.0,1.0,0.0,0.0,,1.0,1.0,Juli
11323691094,silvi_Divyastore,silvydivyani,841275.0,9.0,1.0,3.0,8412.75,100.0,1.0,0.0,Juli
11360540410,Ran Emran,simpatimerah77,831749.0,10.0,9.0,135.0,8317.49,100.0,9.0,9.0,Juli
11315931093,John GG,chanchameo,830295.0,1.0,1.0,2.0,8302.95,100.0,1.0,0.0,Juli
11371801135,Dara,rumah_belanja89,829800.0,1.0,1.0,0.0,0.0,,1.0,1.0,Juli
11342020054,Kedah,yesshopi1,829800.0,1.0,1.0,0.0,0.0,,1.0,1.0,Juli
11335930125,Izzul Islam,izzulislam25,829800.0,1.0,1.0,0.0,0.0,,1.0,1.0,Juli
11321650016,Melinda Widjaja,melinda_widjaja,829800.0,1.0,1.0,0.0,0.0,,1.0,0.0,Juli
11315810180,Melin Store,h4ppyshoppin9,829800.0,1.0,1.0,3.0,8298.0,100.0,1.0,1.0,Juli
11305110203,Ririn Hidayati,ririnnhidayati,829800.0,1.0,1.0,2.0,8298.0,100.0,1.0,1.0,Juli
11321911200,yurielsyalom,yurielsyalom,828000.0,20.0,2.0,0.0,0.0,,1.0,0.0,Juli
11365260135,Rosely Marchela,roselymarchela,825200.0,2.0,1.0,0.0,0.0,,1.0,1.0,Juli
11360531172,hafidzuddin,hafizlatif190,822000.0,1.0,1.0,2.0,8220.0,100.0,1.0,1.0,Juli
11326530000,KATALOG NOFIA,nofiaa.tabayank,816300.0,1.0,1.0,0.0,0.0,,1.0,1.0,Juli
11389430435,quotspositif,creator.id,813600.0,1.0,1.0,221.0,48816.0,16.7,1.0,1.0,Juli
11384401038,FATIMAH,fatimah_keyboardmekanik,793800.0,2.0,2.0,15.0,7938.0,100.0,2.0,2.0,Juli
11304510566,Aleks Nikson Yasin,aleks_yasin,789192.0,1.0,1.0,0.0,0.0,,1.0,1.0,Juli
11362510231,Atries angel,atriesangel,774000.0,2.0,1.0,0.0,0.0,,1.0,1.0,Juli
11359750025,Riski,khiiiy,771300.0,4.0,2.0,38.0,7713.0,100.0,2.0,0.0,Juli
11375640239,user1007652526,tenritsuzu,769986.0,1.0,1.0,13.0,46199.16,16.7,1.0,0.0,Juli
11331661141,BEKTI PUTRI SEDJATI,bektiputrisedjati_mesincuci,769404.0,2.0,2.0,33.0,7694.04,100.0,2.0,2.0,Juli
11324120581,Mahir Calistung,mahircalistung,756000.0,4.0,1.0,3.0,7560.0,100.0,1.0,1.0,Juli
11347490980,cintafitri967,cintafitri967,755100.0,1.0,1.0,1.0,7551.0,100.0,1.0,1.0,Juli
11333280015,InfiniteSpace Official Shop,infinitespaceofficial,748723.0,1.0,1.0,0.0,0.0,,1.0,0.0,Juli
11338720131,Ella sulaini,nyiella1704,738000.0,3.0,1.0,0.0,0.0,,1.0,0.0,Juli
11367780355,David Rudyanto,davcoolz,729900.0,2.0,1.0,0.0,0.0,,1.0,0.0,Juli
11376720160,Raudina Kasyfi,raudinakasyfi,717200.0,1.0,1.0,0.0,0.0,,1.0,0.0,Juli
11350820398,njonjagan,njonjagan,717024.0,8.0,1.0,0.0,0.0,,1.0,0.0,Juli
11328760511,Nair,nair01_,708530.0,9.0,2.0,3.0,7085.3,100.0,2.0,1.0,Juli
11326480523,Syahrina,syahrina.rina,704700.0,2.0,1.0,3.0,12924.0,54.5,1.0,0.0,Juli
11350250340,Ruce Nuenda Permata Dije,rucenuenda1,683889.0,3.0,2.0,0.0,0.0,,2.0,1.0,Juli
11316500000,AD REVIEW,ad_review,676800.0,3.0,2.0,0.0,0.0,,2.0,0.0,Juli
11175310001,Ecomobi,ecomobi2,674000.0,3.0,2.0,0.0,0.0,,2.0,1.0,Juli
11320450259,Alyssa,alyssaanantaa,673200.0,1.0,1.0,0.0,0.0,,1.0,1.0,Juli
11304280540,payo_cell,payocell,667800.0,2.0,1.0,6.0,8622.0,77.5,1.0,1.0,Juli
11365030332,Berabjad,yuskurnia,659700.0,1.0,1.0,0.0,0.0,,1.0,1.0,Juli
11317630002,Merry Jo,itsmerry91,658592.0,2.0,1.0,0.0,0.0,,1.0,1.0,Juli
11322710945,pusatmakanan99,pusatmakanan99,655830.0,7.0,4.0,12.0,6558.3,100.0,4.0,3.0,Juli
11399550141,Schoolfess,schoolfess,651600.0,2.0,1.0,0.0,0.0,,1.0,1.0,Juli
11396070910,Angga Wahyu Megantoro,anggawahyum,651000.0,1.0,1.0,1.0,13801.2,47.2,1.0,1.0,Juli
11320500655,keranjangkuahida,buketclaudia,651000.0,1.0,1.0,113.0,39060.0,16.7,1.0,0.0,Juli
11307550276,saribah,ba0el5f2wf,650220.0,2.0,2.0,0.0,0.0,,2.0,2.0,Juli
11395070956,Azstring,anggardaalan,648000.0,2.0,2.0,2.0,6480.0,100.0,1.0,1.0,Juli
11352941057,freyanadelonixregia,freyanadelonixregia,648000.0,1.0,1.0,3.0,6480.0,100.0,1.0,1.0,Juli
11345380759,risma mardiana,sport_galery,635885.0,3.0,3.0,34.0,6358.85,100.0,3.0,3.0,Juli
11354710152,sumberrejekiüí∏,sumberrezeki652742,635314.0,2.0,2.0,0.0,0.0,,2.0,1.0,Juli
11396391142,Gavin Dwi Aurora Putra,dholpiinnzz,625500.0,1.0,1.0,0.0,0.0,,1.0,1.0,Juli
11350961170,Toko Jaya Makmur,tokojayamakmur25,624600.0,2.0,1.0,19.0,35676.0,17.5,1.0,1.0,Juli
11397280320,Lisa Nov,lisa_novelita11,623938.0,1.0,1.0,0.0,0.0,,1.0,0.0,Juli
11320040028,Barang Unik,bananagraams,619414.0,3.0,3.0,0.0,0.0,,3.0,2.0,Juli
11323950020,Fachturrahman,fachturrahman23,610711.0,1.0,1.0,0.0,0.0,,1.0,1.0,Juli
11387310039,Suciayulestari27,suci_ayu_lestari_02,607500.0,1.0,1.0,0.0,0.0,,1.0,1.0,Juli
11383760823,Ilham Teguh,juraganmuda99,607500.0,1.0,1.0,0.0,0.0,,1.0,0.0,Juli
11365620910,sutonosamin,sutonosamin,607500.0,1.0,1.0,2.0,8019.0,75.8,1.0,1.0,Juli
11346940425,Kokokioo,kokokioo,607500.0,1.0,1.0,44.0,8019.0,75.8,1.0,1.0,Juli
11327130387,wida ningsih,widaningsih84,607500.0,1.0,1.0,0.0,0.0,,1.0,1.0,Juli
11321680005,setyo pranoto,nset_,607500.0,1.0,1.0,4.0,8019.0,75.8,1.0,1.0,Juli
11320890706,Koplink13,koplink13,607500.0,1.0,1.0,1.0,6075.0,100.0,1.0,1.0,Juli
11318910107,Dalisa,dalisaganteng,607500.0,1.0,1.0,0.0,0.0,,1.0,1.0,Juli
11372911195,allinrekt,justudioo,606600.0,1.0,1.0,2.0,12132.0,50.0,1.0,1.0,Juli
11382500534,linda,linda.meilin,605700.0,3.0,2.0,8.0,6057.0,100.0,1.0,1.0,Juli
11340170004,Hallyu Collect,bnb_kshop,602999.0,2.0,1.0,0.0,0.0,,1.0,1.0,Juli
11371000108,levi official,levi_ackerman88,598268.0,1.0,1.0,0.0,0.0,,1.0,1.0,Juli
11335570730,Fullhouse,frendyprastiyanto,594000.0,1.0,1.0,0.0,0.0,,1.0,1.0,Juli
11383870200,ggeanka,ggeanka,588600.0,1.0,1.0,0.0,0.0,,1.0,0.0,Juli
11369260062,Wanda,wandaleonitha,588600.0,1.0,1.0,2.0,35316.0,16.7,1.0,1.0,Juli
11326820619,Yudiach21,yudiheriza,588600.0,1.0,1.0,10.0,35316.0,16.7,1.0,0.0,Juli
11326111066,gusti made andika putra,gustyandika03,588600.0,1.0,1.0,3.0,35316.0,16.7,1.0,0.0,Juli
11307600153,Dian Hafitri,dian.hafitri,588600.0,1.0,1.0,5.0,35316.0,16.7,1.0,1.0,Juli
11387391178,Setiani,indah_setianii28,588530.0,1.0,1.0,1.0,35311.8,16.7,1.0,1.0,Juli
11367850171,Suharto Efendi,genjol17,587700.0,1.0,1.0,0.0,0.0,,1.0,1.0,Juli
11363150431,Ilyasabdur,ilyas.abdur1903,587700.0,1.0,1.0,0.0,0.0,,1.0,1.0,Juli
11313090863,Fashion Pria Lengkap,salpriadibunga,587700.0,1.0,1.0,0.0,0.0,,1.0,1.0,Juli
11393140584,rizal maulana zakaria,zyfanstore,585900.0,1.0,1.0,2.0,35154.0,16.7,1.0,1.0,Juli
11374100061,aih,galihriyadikusmayadi,585900.0,1.0,1.0,0.0,0.0,,1.0,1.0,Juli
11324740454,serbu57,serbu57,585900.0,1.0,1.0,10.0,18631.62,31.4,1.0,0.0,Juli
11318480050,Irwan Efendi,irwanefendi95,585900.0,1.0,1.0,0.0,0.0,,1.0,1.0,Juli
11301120157,Link Produk Recommended,roby_syahputra33,585900.0,1.0,1.0,6.0,35154.0,16.7,1.0,1.0,Juli
11306770210,GetYourss,yukitshop1,584100.0,1.0,1.0,0.0,0.0,,1.0,1.0,Juli
11339561100,Rajab udin,mujibmaousepad,579600.0,1.0,1.0,8.0,5796.0,100.0,1.0,1.0,Juli
11351250989,Andri,andrio11,577759.0,2.0,1.0,0.0,0.0,,1.0,0.0,Juli
11380390308,Dika joko saputro,bendsstore,576900.0,1.0,1.0,2.0,5769.0,100.0,1.0,0.0,Juli
11325430789,Preloved Jasmine üíúüíúüíú,kharismarizkisafitri,575305.0,1.0,1.0,1.0,34518.3,16.7,1.0,1.0,Juli
11359050175,Analova,banday_syah,575000.0,1.0,1.0,0.0,0.0,,1.0,0.0,Juli
11360270331,coolwithit,denisyulistina,574640.0,1.0,1.0,18.0,7585.248,75.8,1.0,1.0,Juli
11306280839,Belanja_Mediatama,belanja_mediatama,569980.0,2.0,2.0,0.0,0.0,,2.0,0.0,Juli
11374920049,JAJANAN BANGKA,verania,569700.0,1.0,1.0,0.0,0.0,,1.0,1.0,Juli
11354440209,Rista Marta Putri üåü,riztamp,569700.0,1.0,1.0,0.0,0.0,,1.0,1.0,Juli
11342241202,firdanurfauziah141,firdanurfauziah141,569700.0,1.0,1.0,7.0,12077.64,47.2,1.0,0.0,Juli
11383260819,Valora Store,lanitrabaz,568800.0,1.0,1.0,20.0,34128.0,16.7,1.0,1.0,Juli
11308290845,Kacamata,barangalus,566100.0,2.0,1.0,0.0,0.0,,1.0,1.0,Juli
11344550757,Empire Shop,empiree54,562500.0,2.0,1.0,0.0,0.0,,1.0,0.0,Juli
11359461180,Muro Marck Store,muromarck.id,557999.0,1.0,1.0,22.0,33479.94,16.7,1.0,1.0,Juli
11367401168,zaenaeraaa,zenaerazenaera,557481.0,2.0,2.0,8.0,5574.81,100.0,2.0,1.0,Juli
11318950315,akunstepclos,akunstepclos_,557040.0,1.0,1.0,0.0,0.0,,1.0,1.0,Juli
11374750879,Muhammad Nashihin,hiensegha,545072.0,1.0,1.0,3.0,7194.9504,75.8,1.0,1.0,Juli
11360730278,Genmaju,genmaju,545072.0,1.0,1.0,16.0,7194.9504,75.8,1.0,1.0,Juli
11374610684,IQU SHOP,vishaka354,545071.0,1.0,1.0,12.0,7194.9372,75.8,1.0,1.0,Juli
11331250113,Sals,iamsalmaaa,543600.0,1.0,1.0,0.0,0.0,,1.0,1.0,Juli
11333000981,Initial D,serbadiskonmurah_,542564.0,1.0,1.0,3.0,11502.3568,47.2,1.0,0.0,Juli
11350820938,TempoTabon,tempotabon,540370.0,3.0,3.0,0.0,0.0,,3.0,1.0,Juli
11320930987,Awlaparr,awlaparrofc,534600.0,5.0,1.0,0.0,0.0,,1.0,1.0,Juli
11372410669,Kedaitronik,alviantjondro,533596.0,1.0,1.0,3.0,10671.92,50.0,1.0,0.0,Juli
11343690712,ika jiems,ika_jiems,527516.0,1.0,1.0,2.0,11183.3392,47.2,1.0,1.0,Juli
11320720285,Intan Ayu,belanjadi.shopeaja,525844.0,1.0,1.0,0.0,0.0,,1.0,1.0,Juli
11379420169,Stefani Gabriela,stefanigabriela,522927.0,1.0,1.0,0.0,0.0,,1.0,1.0,Juli
11316190116,Aneka Snack | Makaroni | Mie Lidi | Spiral,pelangofficial,521999.0,1.0,1.0,0.0,0.0,,1.0,0.0,Juli
11387470783,SEPATU SANDAL TERLARIS TERMURAH,bapaksumarno969,519360.0,2.0,2.0,0.0,0.0,,2.0,1.0,Juli
11320260572,Dinaaa,dina.naufii,513000.0,1.0,1.0,2.0,5130.0,100.0,1.0,0.0,Juli
11387300231,rebecca k,ppainandpleasure,508500.0,1.0,1.0,0.0,0.0,,1.0,1.0,Juli
11352090931,TOKO KHOERUNISSA,khoirunissa_ajah,508500.0,1.0,1.0,0.0,0.0,,1.0,1.0,Juli
11328990670,joevelydiary,everyoungteens,501300.0,1.0,1.0,0.0,0.0,,1.0,1.0,Juli
11127920000,shopbackid,shopbackid_,110386401.0,152.0,94.0,222.0,1505523.1,73.3,81.0,50.0,Agustus
11165600001,YouTube Shopping,youtube_shopping_id,80881926.0,127.0,90.0,3501.0,103148.83,784.1,89.0,70.0,Agustus
11242490000,Opera Norway,opear.adx,56794119.0,88.0,69.0,0.0,0.0,,64.0,46.0,Agustus
11221300000,xtend1234,xtend1234,45475385.0,72.0,52.0,958.0,42589.15,1067.8,51.0,33.0,Agustus
11324910375,peekaboo_store,peekaboostore,40847646.0,70.0,54.0,0.0,0.0,,50.0,34.0,Agustus
11226330000,Mitgo,kartik14534,25725600.0,43.0,32.0,4.0,0.0,,31.0,26.0,Agustus
11273740000,ecomobiidkol,ecomobiidkol,24877161.0,41.0,33.0,1.0,0.0,,33.0,25.0,Agustus
11146330000,interspaceindonesia,interspaceindonesia,16676285.0,42.0,31.0,0.0,0.0,,30.0,21.0,Agustus
11321861101,RETY ASNAENI,dalemanajaib,15994502.0,18.0,12.0,225.0,186091.37,85.9,12.0,9.0,Agustus
11111950000,interspaceindonesia2,interspaceindonesia2,15357781.0,22.0,20.0,279.0,35922.2,427.5,20.0,17.0,Agustus
11373001242,MOVA Indonesia,more.valuable,12629250.0,13.0,5.0,9.0,126837.5,99.6,5.0,2.0,Agustus
11393070821,Abdul kholik,betahdiruma,11684855.0,3.0,3.0,6.0,116848.55,100.0,1.0,0.0,Agustus
11301500940,Adepoppyramadanti,adepoppyramadanti,10371000.0,1.0,1.0,2.0,103710.0,100.0,1.0,0.0,Agustus
11393291141,empatbeersaudara,empatbeersaudara,9931526.0,5.0,5.0,27.0,99315.26,100.0,5.0,4.0,Agustus
11189120000,involveasia_id,involveasia_id,9457558.0,14.0,13.0,0.0,0.0,,13.0,11.0,Agustus
11310760783,Rini Yati,rinihidayati265,9250990.0,3.0,3.0,24.0,92509.9,100.0,2.0,1.0,Agustus
11383260924,berkah wayan,reviputri_fashion,9247320.0,18.0,15.0,173.0,125469.07,73.7,14.0,9.0,Agustus
11393350490,bestie,kitchen_bestie,8537960.0,3.0,3.0,0.0,0.0,,3.0,3.0,Agustus
11398851003,heryanasultan,heryanasultan,8021725.0,6.0,6.0,112.0,160434.5,50.0,6.0,4.0,Agustus
11365991119,Fionda_1,fionda_1,7442110.0,13.0,10.0,0.0,0.0,,10.0,8.0,Agustus
11300340495,IQC,iqc_vertizone,7329550.0,1.0,1.0,14.0,73295.5,100.0,1.0,1.0,Agustus
11311810569,Joel Gracia,greypixels,7008393.0,5.0,5.0,0.0,0.0,,5.0,5.0,Agustus
11318900263,Ifan_shnda,fandayly,6614800.0,4.0,4.0,1003.0,66148.0,100.0,4.0,4.0,Agustus
11321550872,f1yrjxnztr,f1yrjxnztr,6611319.0,7.0,5.0,48.0,66833.24,98.9,5.0,5.0,Agustus
11177960001,Flip deals,flip.deals,6250743.0,11.0,8.0,31.0,60498.3675,103.3,7.0,5.0,Agustus
11399220265,Nanda Arsyinta,nandaamh,5775650.0,5.0,5.0,0.0,0.0,,5.0,4.0,Agustus
11366500572,Al-Muhtadi üåü,almuhtadii,5225000.0,5.0,1.0,8.0,104500.0,50.0,1.0,0.0,Agustus
11383260819,Valora Store,lanitrabaz,4995670.0,9.0,7.0,78.0,299740.2,16.7,7.0,6.0,Agustus
11367950663,Febby Istiyani,febbyistyn,4773750.0,1.0,1.0,1.0,47737.5,100.0,1.0,1.0,Agustus
11314390200,valeria.cookies,valeriayekti,4725000.0,1.0,1.0,9.0,47250.0,100.0,1.0,1.0,Agustus
11107330003,involveasiapartner,involveasiapartner,4649650.0,4.0,3.0,0.0,0.0,,3.0,2.0,Agustus
11320000364,Kantong Ajaib,kantongajaibyt,4601183.0,4.0,4.0,375.0,38543.2,119.4,4.0,4.0,Agustus
11306580638,Elsashop,tokotasmurah668,4365000.0,3.0,1.0,0.0,0.0,,1.0,0.0,Agustus
11356930250,IMPORTIR-REVIEW,radenb4,4093500.0,1.0,1.0,47.0,40935.0,100.0,1.0,1.0,Agustus
11364450642,yazid,adiyaz,3999320.0,4.0,3.0,100.0,44500.4,89.9,3.0,3.0,Agustus
11360430644,m adam baharudin,deviizatul98,3929550.0,5.0,3.0,36.0,20610.0,190.7,3.0,3.0,Agustus
11340420708,Celine Risqia üåü,celinerisqia23,3847890.0,1.0,1.0,124.0,38478.9,100.0,1.0,1.0,Agustus
11349280095,Eazy,evelynbulls,3801589.0,6.0,4.0,0.0,0.0,,4.0,4.0,Agustus
11352240334,Dika Satria Bagus Panuntun,dika_satria_b.p,3719473.0,4.0,3.0,277.0,15070.0,246.8,3.0,3.0,Agustus
11359601120,devaharunprasodjo,neoo.kunsop,3684150.0,1.0,1.0,8.0,36841.5,100.0,1.0,1.0,Agustus
11343540824,Nur Imannda,imannda,3449500.0,2.0,1.0,7.0,34495.0,100.0,1.0,1.0,Agustus
11306130163,dinie arvieanti,diniearv,3319200.0,4.0,4.0,10.0,33192.0,100.0,4.0,0.0,Agustus
11356881171,muhammad rizky kurniawan,digies,3241920.0,1.0,1.0,0.0,0.0,,1.0,0.0,Agustus
11363450397,xmedia_shop,xmedia_shop,3196000.0,6.0,2.0,12.0,90260.0,35.4,1.0,0.0,Agustus
11379420099,ucitrisnawati,elsaqishop16,3184950.0,1.0,1.0,0.0,0.0,,1.0,0.0,Agustus
11355181089,livesucen760,livesucen760,2967560.0,4.0,3.0,34.0,93668.6,31.7,3.0,2.0,Agustus
11312301293,Fionda_2,fionda_2,2909671.0,4.0,4.0,0.0,0.0,,4.0,4.0,Agustus
11363111137,d,daviardiyanto,2888500.0,2.0,1.0,3.0,28885.0,100.0,1.0,1.0,Agustus
11300280861,MBS ID,boedyzhay,2866260.0,2.0,1.0,10.0,28662.6,100.0,1.0,1.0,Agustus
11342540184,hobiterbang.id,hobiterbang.id,2845460.0,4.0,2.0,0.0,0.0,,2.0,0.0,Agustus
11391761101,Innovate Hub,punyyuniati,2845421.0,7.0,6.0,52.0,28454.21,100.0,6.0,5.0,Agustus
11357020322,Triyanto,triyanto1812,2825000.0,2.0,1.0,3.0,28250.0,100.0,1.0,1.0,Agustus
11387300428,Tomy Darmawan,darmatom,2819000.0,1.0,1.0,3.0,56380.0,50.0,1.0,1.0,Agustus
11382001148,Barang Viral Berkualitas,jeryansyahd,2818420.0,1.0,1.0,8.0,28184.2,100.0,1.0,1.0,Agustus
11351330999,Fika Pramesti,fikapramesti440,2815000.0,1.0,1.0,20.0,28150.0,100.0,1.0,1.0,Agustus
11306190998,Hamhemtoys,hamhemtoys,2802000.0,2.0,1.0,8.0,28020.0,100.0,1.0,0.0,Agustus
11320600843,noopeye,noopeye,2797000.0,1.0,1.0,3.0,27970.0,100.0,1.0,1.0,Agustus
11317590160,Danydwicahyas,danydwicahyas,2774786.0,3.0,2.0,0.0,0.0,,2.0,1.0,Agustus
11362520289,Ersi G,eci.ala,2749080.0,2.0,1.0,0.0,0.0,,1.0,0.0,Agustus
11319250804,Promo Diskon 2.2,assyujaar21,2644040.0,2.0,2.0,17.0,26440.4,100.0,2.0,2.0,Agustus
11396720772,wdd_,widodowahyu034,2598970.0,2.0,2.0,43.0,25989.7,100.0,2.0,0.0,Agustus
11388120370,marselia sandra,marseliasandra,2443000.0,2.0,1.0,0.0,0.0,,1.0,1.0,Agustus
11321380365,Tri,triartaty07,2437785.0,2.0,1.0,0.0,0.0,,1.0,1.0,Agustus
11354670211,timelinejowo,timelinejowo,2373461.0,1.0,1.0,0.0,0.0,,1.0,1.0,Agustus
11361290954,the white hat,blackwave75,2366385.0,1.0,1.0,0.0,0.0,,1.0,1.0,Agustus
11363910799,naonshop858,naonshop858,2343410.0,1.0,1.0,0.0,0.0,,1.0,1.0,Agustus
11364940404,Konter Attack,smartphoneofficialstore,2340940.0,1.0,1.0,551.0,23409.4,100.0,1.0,1.0,Agustus
11303490907,metcom13,metcom13,2298000.0,2.0,2.0,9.0,45960.0,50.0,2.0,2.0,Agustus
11337301252,Ahmad Afandi,ahmad.afandii,2266930.0,1.0,1.0,0.0,0.0,,1.0,0.0,Agustus
11342350845,Jenny,jennykang,2266700.0,2.0,1.0,1.0,30827.12,73.5,1.0,1.0,Agustus
11350961170,Toko Jaya Makmur,tokojayamakmur25,2261835.0,4.0,3.0,110.0,135710.1,16.7,3.0,3.0,Agustus
11327641205,S'lya Fashion id.,sukrasamila,2259520.0,2.0,1.0,16.0,22595.2,100.0,1.0,0.0,Agustus
11311660181,Katalog.id,katalogku.id,2254000.0,1.0,1.0,6.0,22540.0,100.0,1.0,1.0,Agustus
11364901165,antosadja869,antosadja869,2232554.0,2.0,2.0,0.0,0.0,,2.0,2.0,Agustus
11375650528,bylithayayi,lithayayi,2215000.0,1.0,1.0,0.0,0.0,,1.0,1.0,Agustus
11307910529,simanse,simansee,2203153.0,2.0,2.0,0.0,0.0,,2.0,2.0,Agustus
11324931175,Keongracun Super,k30n6124tjo3n5up312,2178889.0,37.0,19.0,115.0,21788.89,100.0,19.0,11.0,Agustus
11303100368,Jefri,moji.official,2165000.0,1.0,1.0,1.0,21650.0,100.0,1.0,0.0,Agustus
11385630776,agoes,agoes2711,2154000.0,1.0,1.0,6.0,21540.0,100.0,1.0,0.0,Agustus
11367840463,katherine,katherinekosen,2137500.0,1.0,1.0,1.0,21375.0,100.0,1.0,1.0,Agustus
11392180763,Spill Suka Suka,spillsukasuka,2116720.0,2.0,2.0,30.0,21167.2,100.0,2.0,1.0,Agustus
11327371184,theonlyypesa,rizkirahmad42,2115000.0,2.0,1.0,36.0,0.0,,1.0,0.0,Agustus
11382721213,muhammad abas,abasmuhamadabas,2073680.0,1.0,1.0,0.0,0.0,,1.0,0.0,Agustus
11309360705,.,niladaniarty,2040300.0,2.0,2.0,4.0,40806.0,50.0,1.0,1.0,Agustus
11378890059,Annafidza Home Living,annafidzatul,2033200.0,1.0,1.0,0.0,0.0,,1.0,1.0,Agustus
11327330222,Indah812,indah812_,2025000.0,1.0,1.0,0.0,0.0,,1.0,1.0,Agustus
11304820708,Renita Dwi saharani,renitaa0701,1977540.0,2.0,1.0,3.0,19775.4,100.0,1.0,1.0,Agustus
11338910848,ABDUL ROJAK AR RAHMAN,otong_sohit99,1974320.0,2.0,1.0,15.0,19743.2,100.0,1.0,1.0,Agustus
11331690385,Berkah Belanja,balbal011,1958000.0,2.0,1.0,5.0,19580.0,100.0,1.0,1.0,Agustus
11389700620,bennyws,ikabenny03,1954000.0,2.0,1.0,4.0,19540.0,100.0,1.0,1.0,Agustus
11326440405,Hananun,hananun.zharfa,1953650.0,1.0,1.0,2.0,0.0,,1.0,0.0,Agustus
11186370000,involveasiakol_id,involveasiakol_id,1946545.0,4.0,2.0,9.0,0.0,,2.0,1.0,Agustus
11335470059,Cicitumbler,desi_yuliana,1928700.0,1.0,1.0,0.0,0.0,,1.0,1.0,Agustus
11363101180,mustikanndaa,mustikanndaa,1925000.0,1.0,1.0,3.0,19250.0,100.0,1.0,0.0,Agustus
11304070036,milenniafs,milenniafitris,1925000.0,1.0,1.0,12.0,19250.0,100.0,1.0,0.0,Agustus
11301780085,Muhammad Zakaria,mohza04,1924100.0,6.0,3.0,0.0,0.0,,3.0,2.0,Agustus
11321750720,rikawanda24,rikawanda24,1904750.0,3.0,1.0,10.0,38095.0,50.0,1.0,1.0,Agustus
11316830906,tokokomputer292,tokokomputer292,1893500.0,1.0,1.0,8.0,18935.0,100.0,1.0,1.0,Agustus
11300980693,fardzanstore18,fardzanstore045,1889680.0,1.0,1.0,0.0,0.0,,1.0,0.0,Agustus
11342100386,aff_digital,aff_digital,1848599.0,1.0,1.0,0.0,0.0,,1.0,1.0,Agustus
11336090000,Tiara Review,akbarabudzikrullah,1825000.0,1.0,1.0,0.0,0.0,,1.0,1.0,Agustus
11340310726,Er_cuan,rhynne91,1817772.0,11.0,3.0,29.0,18177.72,100.0,1.0,1.0,Agustus
11391190603,hi_shanaa,naafeshop,1814440.0,2.0,2.0,0.0,0.0,,2.0,1.0,Agustus
11371580593,Hadi_P,hadi280,1810000.0,2.0,2.0,2.0,18100.0,100.0,2.0,1.0,Agustus
11304960687,alicia,trld1o_gkv,1810000.0,2.0,2.0,11.0,18100.0,100.0,2.0,2.0,Agustus
11342070890,Anggie Rahma,anggierahma_95,1795340.0,3.0,2.0,25.0,17953.4,100.0,1.0,0.0,Agustus
11345600528,ZelinAlisha,putrashoppping,1794400.0,3.0,3.0,88.0,107664.0,16.7,3.0,1.0,Agustus
11393970353,sintyadewi,sintyadewi,1790000.0,35.0,1.0,0.0,0.0,,1.0,0.0,Agustus
11350800666,MRS,m.ramli.s,1782000.0,1.0,1.0,0.0,0.0,,1.0,0.0,Agustus
11327580266,Ani Budiati,anibudiatii,1744000.0,2.0,1.0,1.0,17440.0,100.0,1.0,1.0,Agustus
11338921113,Hasanudin,sih4s4n,1741150.0,1.0,1.0,5.0,17411.5,100.0,1.0,1.0,Agustus
11332461160,SOPANAH,sopanahperlengkapanelektron,1722960.0,2.0,2.0,19.0,57217.6,30.1,2.0,1.0,Agustus
11368850871,intan rahayu,tokointan_store,1698500.0,2.0,2.0,0.0,0.0,,2.0,2.0,Agustus
11370800876,Choirunisa Nurul Pratiwi,choirunisa_nurul,1695000.0,1.0,1.0,3.0,16950.0,100.0,1.0,1.0,Agustus
11367850171,Suharto Efendi,genjol17,1684799.0,3.0,3.0,0.0,0.0,,3.0,3.0,Agustus
11379810174,Gladys Victory,gladysvictory,1672560.0,7.0,2.0,0.0,0.0,,1.0,1.0,Agustus
11348451134,Dhori musik,dhori_musik,1668015.0,3.0,3.0,304.0,18436.9725,90.5,3.0,3.0,Agustus
11337531213,Hakim F,hakim_kimm,1640000.0,1.0,1.0,2.0,16400.0,100.0,1.0,1.0,Agustus
11389580849,ROBIN,clanara,1632000.0,4.0,1.0,10.0,16320.0,100.0,1.0,1.0,Agustus
11303780182,FMbasic,antoni82,1628709.0,3.0,2.0,0.0,0.0,,2.0,1.0,Agustus
11351880138,Info Belanja Shopee,infobelanjauni,1610271.0,3.0,1.0,0.0,0.0,,1.0,1.0,Agustus
11364510871,Klinik Marwah Skincare,klinikmarwahskincare,1610000.0,1.0,1.0,0.0,0.0,,1.0,1.0,Agustus
11335660009,Raya,aryaartamansa,1598400.0,2.0,1.0,0.0,0.0,,1.0,1.0,Agustus
11384610831,flatadsid,flatadsid,1593000.0,2.0,2.0,0.0,0.0,,2.0,1.0,Agustus
11330970333,Belanjaannya Lia,heylianugrah,1587500.0,1.0,1.0,13.0,15875.0,100.0,1.0,1.0,Agustus
11316620581,Ka Oemar,andrian2195,1565100.0,1.0,1.0,6.0,15651.0,100.0,1.0,0.0,Agustus
11396410218,titin.dimas,titin_dimas28,1533000.0,18.0,1.0,0.0,0.0,,1.0,0.0,Agustus
11367770882,dijeshop,anisadiyahjanah,1526000.0,1.0,1.0,0.0,0.0,,1.0,1.0,Agustus
11326521032,Razi Desendra,razidesendra,1523500.0,1.0,1.0,2.0,15235.0,100.0,1.0,1.0,Agustus
11345660975,TECHNOPART999,digitech9,1522829.0,2.0,1.0,147.0,91369.74,16.7,1.0,0.0,Agustus
11314351073,setiawanjudy693,setiawanjudy693,1500000.0,1.0,1.0,1.0,30000.0,50.0,1.0,1.0,Agustus
11334820661,Shop V Tech,virtual_tech93,1496400.0,2.0,2.0,0.0,0.0,,2.0,1.0,Agustus
11338170073,Chek Toko Sebelah,cektokosebelahh,1485535.0,1.0,1.0,0.0,0.0,,1.0,1.0,Agustus
11324080822,olgankn,anggiyana7747,1470000.0,1.0,1.0,0.0,0.0,,1.0,1.0,Agustus
11316940043,DINOVIA,baehaqiazis,1461880.0,1.0,1.0,18.0,29237.6,50.0,1.0,1.0,Agustus
11311990753,koi_jinli,koi_jinli,1455000.0,1.0,1.0,0.0,0.0,,1.0,1.0,Agustus
11395200002,Bya Official,bya.official,1454000.0,1.0,1.0,0.0,0.0,,1.0,0.0,Agustus
11334930973,Technopart99,wendhameira,1451695.0,2.0,1.0,31.0,87101.7,16.7,1.0,0.0,Agustus
11385211155,Electro Harmony,all_storehome,1450573.0,4.0,3.0,31.0,14505.73,100.0,3.0,2.0,Agustus
11353030528,Lintang,lintangwidyastiningrumi,1430600.0,1.0,1.0,0.0,0.0,,1.0,1.0,Agustus
11312991122,DARYONO,daryonopowersuplay,1409600.0,2.0,2.0,34.0,43476.0,32.4,2.0,2.0,Agustus
11344920555,Queen and Nemo,queenandnemo,1400000.0,1.0,1.0,68.0,28000.0,50.0,1.0,1.0,Agustus
11344250676,SAHOCK,sahock,1400000.0,1.0,1.0,4.0,28000.0,50.0,1.0,1.0,Agustus
11303520930,FRS TECH,frstech100,1400000.0,1.0,1.0,9.0,28000.0,50.0,1.0,0.0,Agustus
11315110431,Josh,ochatimothy,1399995.0,1.0,1.0,0.0,0.0,,1.0,1.0,Agustus
11346320110,MR.A,mr.a.store17,1382043.0,1.0,1.0,0.0,0.0,,1.0,1.0,Agustus
11349070185,aurilia,aurilia.siwi,1379000.0,1.0,1.0,0.0,0.0,,1.0,1.0,Agustus
11313420271,mund,raimund,1378000.0,1.0,1.0,2.0,27560.0,50.0,1.0,1.0,Agustus
11391901035,Yusna,yeusnahansasad,1362000.0,1.0,1.0,14.0,13620.0,100.0,1.0,1.0,Agustus
11336501060,deni S naibaho,denieradar,1360680.0,1.0,1.0,5.0,13606.8,100.0,1.0,1.0,Agustus
11362910456,Almoon üî±,almoon11,1350000.0,1.0,1.0,130.0,27000.0,50.0,1.0,1.0,Agustus
11342580300,Seinda Swanara Putra,swanaraseinda,1345040.0,2.0,1.0,0.0,0.0,,1.0,0.0,Agustus
11303560158,Ohmeygatt,ohmeygatt,1345040.0,1.0,1.0,0.0,0.0,,1.0,1.0,Agustus
11383490051,Dyanerna21,dyanerna21,1344040.0,1.0,1.0,145.0,13440.4,100.0,1.0,1.0,Agustus
11350170291,KoleksiTerlaris,erlangga.bali,1340040.0,1.0,1.0,0.0,0.0,,1.0,1.0,Agustus
11325290773,mariegrandbois,mariegrandbois,1334444.0,17.0,8.0,28.0,42549.49,31.4,8.0,6.0,Agustus
11330350598,Adib Nur Ikhwan,akatsvki,1334312.0,2.0,2.0,0.0,0.0,,2.0,1.0,Agustus
11360350002,KITS,hellokitskits,1334080.0,1.0,1.0,0.0,0.0,,1.0,0.0,Agustus
11306530821,rul_bae99,khairulamru99,1334080.0,1.0,1.0,2.0,13340.8,100.0,1.0,1.0,Agustus
11351190000,Elaineh,elainehanafi,1318000.0,1.0,1.0,0.0,0.0,,1.0,1.0,Agustus
11370690029,HR KompliTube Official Video,andrewhan,1315799.0,1.0,1.0,7.0,0.0,,1.0,1.0,Agustus
11382630031,Savitra Ajir Refaldy,zorowarpath,1303560.0,1.0,1.0,0.0,0.0,,1.0,1.0,Agustus
11312711207,Nurita dress,nurita_dressjombang,1301000.0,1.0,1.0,0.0,0.0,,1.0,1.0,Agustus
11354230871,Yanuar Fitra P,senuxgans,1287080.0,1.0,1.0,1.0,12870.8,100.0,1.0,1.0,Agustus
11317650295,NarumiChan,unihapil,1287080.0,1.0,1.0,7.0,0.0,,1.0,1.0,Agustus
11376270957,payno,i9mswiabzr,1286080.0,1.0,1.0,3.0,12860.8,100.0,1.0,1.0,Agustus
11343030162,Abdi wijaya,abdiwijaya.,1285755.0,1.0,1.0,2.0,12857.55,100.0,1.0,1.0,Agustus
11397820991,ian,afriaaaan,1282500.0,2.0,2.0,8.0,25650.0,50.0,2.0,2.0,Agustus
11301000784,Anggie Mooie,anggie_mooie,1259100.0,1.0,1.0,9.0,12591.0,100.0,1.0,0.0,Agustus
11373210465,Arif Rahman Hakim,khadafiraziabizar,1255000.0,1.0,1.0,9.0,12550.0,100.0,1.0,1.0,Agustus
11391331218,Minspire Official,rianrubi551,1254123.0,9.0,9.0,56.0,12541.23,100.0,9.0,4.0,Agustus
11360650568,evejoselyn,evejoselyn,1251500.0,1.0,1.0,18.0,12515.0,100.0,1.0,1.0,Agustus
11343670547,BelanjaYukzs,gonzjabar,1250000.0,2.0,1.0,5.0,12500.0,100.0,1.0,0.0,Agustus
11391170561,Store Van,aril.2008,1244000.0,1.0,1.0,2.0,12440.0,100.0,1.0,0.0,Agustus
11386741057,Fauzi Barkah,subharkah,1225800.0,1.0,1.0,0.0,0.0,,1.0,1.0,Agustus
11399310745,patimah az-zahra,patimah.azzahra,1221429.0,5.0,5.0,37.0,12214.29,100.0,5.0,4.0,Agustus
11338310753,GADGETRONIC,obbenond,1209600.0,1.0,1.0,30.0,12096.0,100.0,1.0,1.0,Agustus
11359171107,Farrah,fauralin,1206000.0,2.0,1.0,4.0,24120.0,50.0,1.0,0.0,Agustus
11373101215,linkbelanja,linkbelanja,1204650.0,5.0,1.0,3.0,12046.5,100.0,1.0,1.0,Agustus
11358000911,kilau kilau,kilaucahayamen,1198897.0,2.0,2.0,3.0,23977.94,50.0,2.0,2.0,Agustus
11337260004,SitusGadget,hiphugger.id,1184000.0,1.0,1.0,208.0,11840.0,100.0,1.0,1.0,Agustus
11372520186,ùòºùô†ùôöùô¨ REVIEW,akew_review26,1183188.0,2.0,2.0,14.0,70991.28,16.7,2.0,2.0,Agustus
11337591210,Grosir Bajhil,grosir_bajhil,1172150.0,1.0,1.0,10.0,15941.24,73.5,1.0,1.0,Agustus
11303481214,Julia,juliaaaaa0307,1148000.0,1.0,1.0,6.0,22960.0,50.0,1.0,0.0,Agustus
11317650885,@hanifah.officially,hanifah.officially,1144000.0,2.0,1.0,6.0,68640.0,16.7,1.0,1.0,Agustus
11320500655,keranjangkuahida,buketclaudia,1143495.0,2.0,2.0,59.0,68609.7,16.7,2.0,2.0,Agustus
11385920000,Syaipul Anwar,aganpoel90,1139000.0,1.0,1.0,0.0,0.0,,1.0,1.0,Agustus
11314041070,nindiandriani330,nindiandriani330,1139000.0,1.0,1.0,25.0,11390.0,100.0,1.0,1.0,Agustus
11300860415,rumahjemblem,yuekai86,1139000.0,2.0,1.0,1.0,68340.0,16.7,1.0,1.0,Agustus
11376930297,Ratna Nur Azizah,rnabeauty,1132000.0,1.0,1.0,6.0,11320.0,100.0,1.0,1.0,Agustus
11332520240,Hijabi Muslimah,hijabi.muslimah,1132000.0,1.0,1.0,2.0,11320.0,100.0,1.0,0.0,Agustus
11324570359,jelitazahrotulafiffah,jelitazahrotulafiffah,1132000.0,1.0,1.0,0.0,0.0,,1.0,1.0,Agustus
11384300677,HAVEL,havel.footwear,1128000.0,1.0,1.0,0.0,0.0,,1.0,1.0,Agustus
11326530000,KATALOG NOFIA,nofiaa.tabayank,1128000.0,1.0,1.0,0.0,0.0,,1.0,1.0,Agustus
11391661199,Arsyadia Origin,arsyadia.origin,1127000.0,1.0,1.0,1.0,22540.0,50.0,1.0,0.0,Agustus
11374850551,M0n,reykamonik023,1126610.0,1.0,1.0,0.0,0.0,,1.0,1.0,Agustus
11301251057,Orion Star Wars,berhalauang,1121860.0,1.0,1.0,32.0,11218.6,100.0,1.0,1.0,Agustus
11365350267,jamurajaib,willywanady,1110000.0,1.0,1.0,11.0,0.0,,1.0,1.0,Agustus
11352570708,zhantech,zhantech,1102700.0,2.0,1.0,10.0,66162.0,16.7,1.0,1.0,Agustus
11395930486,Cing Reborn,dwikiialvaro,1102500.0,2.0,2.0,0.0,0.0,,2.0,1.0,Agustus
11326040194,DP Creative Expert,denzhopro,1097000.0,1.0,1.0,86.0,0.0,,1.0,1.0,Agustus
11344090536,Fadzil,fadzilmisbachudin,1081000.0,1.0,1.0,1.0,10810.0,100.0,1.0,1.0,Agustus
11313071061,87store,rizkicalviand,1081000.0,1.0,1.0,0.0,0.0,,1.0,1.0,Agustus
11175310001,Ecomobi,ecomobi2,1080150.0,1.0,1.0,0.0,0.0,,1.0,1.0,Agustus
11377201246,JidiMR13,jidimr13,1075000.0,1.0,1.0,0.0,0.0,,1.0,0.0,Agustus
11370230789,Serba Murah,serbamurah749,1070212.0,2.0,2.0,82.0,64212.72,16.7,2.0,2.0,Agustus
11349360926,kakakmartabak,kakakmartabak,1048800.0,1.0,1.0,0.0,0.0,,1.0,1.0,Agustus
11343340202,Astri fitriyanti,achiqueenbee,1037000.0,1.0,1.0,0.0,0.0,,1.0,1.0,Agustus
11320341187,awshitpostid,awmerchsyit,1037000.0,1.0,1.0,0.0,0.0,,1.0,0.0,Agustus
11371180945,hey.yols,hey.yols,1015000.0,1.0,1.0,0.0,0.0,,1.0,1.0,Agustus
11322920400,Arung Desah Prabalaksa,arungdesah468,1007000.0,1.0,1.0,0.0,0.0,,1.0,0.0,Agustus
11304780719,pikun si keripik sukun,viesya12,1007000.0,1.0,1.0,0.0,0.0,,1.0,1.0,Agustus
11350870803,Harits alfaris,harits026,1005000.0,1.0,1.0,8.0,10050.0,100.0,1.0,0.0,Agustus
11367540292,Mas Anizan,samefeelofficial,1004000.0,1.0,1.0,0.0,0.0,,1.0,1.0,Agustus
11371250091,LukmanHani,lukman1138,1002580.0,7.0,2.0,10.0,10025.8,100.0,2.0,1.0,Agustus
11344361019,Cornelius Francis Jayadi,corneliusfj2007,999311.0,1.0,1.0,8.0,19986.22,50.0,1.0,1.0,Agustus
11311600943,trdi77,trdi77,998850.0,1.0,1.0,2.0,19977.0,50.0,1.0,1.0,Agustus
11378471198,ARIF BUDIMAN,arifbudimanlengkem,994500.0,1.0,1.0,38.0,19890.0,50.0,1.0,0.0,Agustus
11323730776,RAYSAL_STORE,raysal_store,991386.0,2.0,1.0,3.0,48413.16,20.5,1.0,1.0,Agustus
11329510171,Mas Fendi,masfendi89,979000.0,1.0,1.0,2.0,9790.0,100.0,1.0,0.0,Agustus
11392930265,kebenaran.firman.tuhan,truevine.shop,976000.0,1.0,1.0,0.0,0.0,,1.0,0.0,Agustus
11396770898,Yasir Bakhtiar,yasir252,971499.0,2.0,2.0,0.0,0.0,,2.0,2.0,Agustus
11375410296,FunThisrtID,derryshr,953620.0,3.0,1.0,6.0,39654.7,24.0,1.0,1.0,Agustus
11356070325,Muhidin,mumukhan,951000.0,1.0,1.0,2.0,9510.0,100.0,1.0,1.0,Agustus
11311060646,Sixhateed Goods,mdhermawan,935000.0,1.0,1.0,0.0,0.0,,1.0,1.0,Agustus
11332400474,widyabara,widyabara,922239.0,8.0,1.0,0.0,0.0,,1.0,1.0,Agustus
11318720002,lizzebethmua,lizzebethmua,911580.0,6.0,2.0,0.0,0.0,,2.0,2.0,Agustus
11384690842,deopsd,baguspradewa,909040.0,2.0,1.0,0.0,0.0,,1.0,1.0,Agustus
11365990278,Dodik Dwi,dodikdwicahyono,901000.0,1.0,1.0,3.0,9010.0,100.0,1.0,1.0,Agustus
11325320259,Kandika rama,kandikarama,896720.0,1.0,1.0,5.0,8967.2,100.0,1.0,1.0,Agustus
11322060082,dedysamudra,dedysamudra1995,896000.0,1.0,1.0,0.0,0.0,,1.0,1.0,Agustus
11380100004,Fla,jannafla,895500.0,20.0,1.0,0.0,0.0,,1.0,1.0,Agustus
11345970616,iFelz,muh.felmi,895500.0,1.0,1.0,11.0,0.0,,1.0,1.0,Agustus
11352970000,Adhelia Fa,pinkimchi,892000.0,1.0,1.0,0.0,0.0,,1.0,1.0,Agustus
11343360141,Angel,angeliaema,891022.0,1.0,1.0,2.0,8910.22,100.0,1.0,1.0,Agustus
11388220714,masrura,bundazh,886500.0,1.0,1.0,0.0,0.0,,1.0,0.0,Agustus
11353890171,Eva Marcella,eva_marcella,885600.0,1.0,1.0,0.0,0.0,,1.0,1.0,Agustus
11300511184,Sleepmon Store,nutrinusantaraa,883436.0,2.0,1.0,2.0,47331.91,18.7,1.0,1.0,Agustus
11372410902,AMAT MUNIP,rohmangaming33,882900.0,11.0,1.0,3.0,8829.0,100.0,1.0,0.0,Agustus
11395100727,muslimdaily,muslimdailyid,879867.0,3.0,2.0,20.0,0.0,,2.0,2.0,Agustus
11323641009,‚ù§Ô∏é,trinketism,876695.0,1.0,1.0,0.0,0.0,,1.0,0.0,Agustus
11328850096,Cakra Store,primandacakra,867600.0,3.0,2.0,0.0,0.0,,2.0,2.0,Agustus
11396880007,Byamegaaa,byamegaaaa,845163.0,4.0,1.0,0.0,0.0,,1.0,0.0,Agustus
11325390302,Listia,listiafebriani13,843000.0,1.0,1.0,1.0,8430.0,100.0,1.0,1.0,Agustus
11354760139,Rina's Gallery,rina_gallery,836100.0,1.0,1.0,19.0,8361.0,100.0,1.0,1.0,Agustus
11313540719,Annisaraskal,annisaraskal,836100.0,1.0,1.0,8.0,8361.0,100.0,1.0,0.0,Agustus
11343140225,Nurasni,nurasni88,831819.0,1.0,1.0,0.0,0.0,,1.0,0.0,Agustus
11399610741,Blueshop,timtim2308,829800.0,1.0,1.0,9.0,8298.0,100.0,1.0,0.0,Agustus
11301441297,lulucantik837,lulucantik837,829800.0,1.0,1.0,3.0,8298.0,100.0,1.0,1.0,Agustus
11369760116,Muhammad Adam,adamsyariputra,828730.0,1.0,1.0,0.0,0.0,,1.0,1.0,Agustus
11357550650,HR Crew,hr_crew,825651.0,1.0,1.0,2.0,8256.51,100.0,1.0,0.0,Agustus
11318510952,ISTANA TECH,istanatech,823123.0,4.0,3.0,156.0,14049.46,58.6,3.0,2.0,Agustus
11356660673,pibhub_,pibhub_,816696.0,8.0,1.0,13.0,8166.96,100.0,1.0,0.0,Agustus
11365710760,rachma,rachmatitik,816300.0,1.0,1.0,8.0,8163.0,100.0,1.0,0.0,Agustus
11346350230,prognd,prognd,816300.0,2.0,1.0,0.0,0.0,,1.0,0.0,Agustus
11328900942,abbasbahaudin,abbasbahaudin,813600.0,1.0,1.0,19.0,48816.0,16.7,1.0,0.0,Agustus
11317391058,keke sweet,solihahkyu,813600.0,1.0,1.0,14.0,48816.0,16.7,1.0,0.0,Agustus
11301510319,Avillaagustina,rismaavillaagustina,812600.0,2.0,2.0,2.0,8126.0,100.0,2.0,2.0,Agustus
11357640370,Omkumis_drive,omkumis_drive,796500.0,1.0,1.0,11.0,7965.0,100.0,1.0,1.0,Agustus
11344090275,Inspirasi Outfit,dialah1we,796500.0,1.0,1.0,0.0,0.0,,1.0,0.0,Agustus
11362780363,Sandiaji,sandiazix,789192.0,1.0,1.0,5.0,47351.52,16.7,1.0,1.0,Agustus
11373590602,Ristytrbl,ristyaudrya,783000.0,6.0,1.0,2.0,7830.0,100.0,1.0,0.0,Agustus
11303470728,lulukhum,lulukhum,782000.0,25.0,1.0,0.0,0.0,,1.0,1.0,Agustus
11385050124,Ryan Gadget,ryanbekti,781100.0,1.0,1.0,0.0,0.0,,1.0,1.0,Agustus
11308270823,kebunmangga705,kebunmangga705,743250.0,2.0,1.0,0.0,0.0,,1.0,1.0,Agustus
11383310389,FAUZAN28,sellyrahmawati1303,732447.0,1.0,1.0,4.0,7324.47,100.0,1.0,1.0,Agustus
11363680882,ReyhanFahri,reyhanfahri,727980.0,3.0,1.0,30.0,34658.8,21.0,1.0,0.0,Agustus
11308680037,Ajeng septiany,ajengseptiany,688500.0,1.0,1.0,0.0,0.0,,1.0,1.0,Agustus
11350440099,Pandi Gadget,pandi_94,688424.0,3.0,2.0,0.0,0.0,,2.0,1.0,Agustus
11375471197,Mild Gr Store,diyanto57,682333.0,5.0,5.0,28.0,6823.33,100.0,5.0,4.0,Agustus
11398400889,MOHAMMAD NABIL ZUL'AZMI,deaellia,648000.0,1.0,1.0,6.0,6480.0,100.0,1.0,1.0,Agustus
11327500142,Andre Wahyudi,alfiansyahhh02,639965.0,3.0,1.0,0.0,0.0,,1.0,1.0,Agustus
11306870000,ihsan777,ihsan777,637200.0,2.0,1.0,0.0,0.0,,1.0,1.0,Agustus
11352961231,vegaferi,vegaferi,637189.0,2.0,2.0,17.0,6371.89,100.0,1.0,1.0,Agustus
11312140327,PART_MODIFIKASIüåü,jaenal_hariyanto,621900.0,1.0,1.0,0.0,0.0,,1.0,0.0,Agustus
11383870200,ggeanka,ggeanka,621300.0,1.0,1.0,1.0,37278.0,16.7,1.0,0.0,Agustus
11383070390,Gallant Paradise,gallant589,620079.0,1.0,1.0,0.0,0.0,,1.0,0.0,Agustus
11306250086,suryadi,suryadi8585,612000.0,2.0,1.0,0.0,0.0,,1.0,0.0,Agustus
11304130446,Agus_Electronic,agus_electronic,610845.0,1.0,1.0,5.0,7024.7175,87.0,1.0,1.0,Agustus
11397720430,santikai,azleaku8482,609200.0,2.0,2.0,14.0,6092.0,100.0,2.0,2.0,Agustus
11398351083,sholichins,sholichin26,607500.0,1.0,1.0,0.0,0.0,,1.0,1.0,Agustus
11375580159,XKOMODOTCOM,xkomodotcom,607500.0,1.0,1.0,6.0,12150.0,50.0,1.0,1.0,Agustus
11370190140,SANTIRA,rianagustira,607500.0,1.0,1.0,2.0,12150.0,50.0,1.0,1.0,Agustus
11366930210,Hendra blonk,blonkvsco,607500.0,1.0,1.0,0.0,0.0,,1.0,1.0,Agustus
11363290206,Mughni.id,ibnusina96,607500.0,1.0,1.0,1.0,12150.0,50.0,1.0,0.0,Agustus
11359170783,ZAINUL MMP,zainul388,607500.0,1.0,1.0,8.0,12150.0,50.0,1.0,1.0,Agustus
11333420502,muhamad arifin,arivain,607500.0,1.0,1.0,94.0,12150.0,50.0,1.0,1.0,Agustus
11326241282,Dafakastore,dafakastore,607500.0,1.0,1.0,5.0,12150.0,50.0,1.0,1.0,Agustus
11360730278,Genmaju,genmaju,607420.0,2.0,1.0,32.0,11954.8,50.8,1.0,0.0,Agustus
11357781165,jajijumadi,jajiju_store,606600.0,1.0,1.0,4.0,12132.0,50.0,1.0,1.0,Agustus
11353311107,Nn shop,jharodclaser93,606600.0,1.0,1.0,0.0,0.0,,1.0,1.0,Agustus
11326001011,Bayu aji Saputro,ajibayu590,606600.0,1.0,1.0,3.0,12132.0,50.0,1.0,1.0,Agustus
11323300934,drytiystroeszty,abayalebaranshope,606600.0,1.0,1.0,0.0,0.0,,1.0,1.0,Agustus
11315370029,lutvia.raüçì,lutviar,606600.0,1.0,1.0,0.0,0.0,,1.0,1.0,Agustus
11325250760,butoijo321,butoijo321,596155.0,1.0,1.0,0.0,0.0,,1.0,1.0,Agustus
11342290176,bagusprasetyo,perabotan.id,592515.0,1.0,1.0,8.0,0.0,,1.0,1.0,Agustus
11314980449,TOKO ELEKTRONIK DAN HP,usahaonlene,591300.0,1.0,1.0,4.0,5913.0,100.0,1.0,1.0,Agustus
11388960259,Delacroax,delacroax,589500.0,1.0,1.0,24.0,35370.0,16.7,1.0,1.0,Agustus
11318910107,Dalisa,dalisaganteng,589500.0,1.0,1.0,0.0,0.0,,1.0,1.0,Agustus
11306380002,SUYITNO,suyitno.s.r.h,589500.0,1.0,1.0,9.0,35370.0,16.7,1.0,1.0,Agustus
11345360968,Multi Fajri,multi_fajri05,589490.0,1.0,1.0,0.0,0.0,,1.0,1.0,Agustus
11357630811,deden rizal,dedenrizal,588600.0,1.0,1.0,1.0,35316.0,16.7,1.0,1.0,Agustus
11341651170,Donny Astiandy,kinetastore.im,588600.0,1.0,1.0,1.0,35316.0,16.7,1.0,1.0,Agustus
11340390736,kayyisah2016,kayyisah2016,588600.0,1.0,1.0,2.0,35316.0,16.7,1.0,1.0,Agustus
11323860120,selsel.jogja,selsell.jogja,588600.0,1.0,1.0,0.0,0.0,,1.0,0.0,Agustus
11316221001,Naia Putri,naiaputri754,588060.0,1.0,1.0,0.0,0.0,,1.0,1.0,Agustus
11326480523,Syahrina,syahrina.rina,587700.0,1.0,1.0,6.0,11754.0,50.0,1.0,0.0,Agustus
11316950227,Eka Noerma,eka____,587700.0,1.0,1.0,0.0,0.0,,1.0,1.0,Agustus
11388561042,syahrur,hollateamid,587695.0,1.0,1.0,3.0,11753.9,50.0,1.0,1.0,Agustus
11346560476,Denada Curie,denacurie,587550.0,1.0,1.0,0.0,0.0,,1.0,1.0,Agustus
11386811156,William Gozali,onebighap,582360.0,1.0,1.0,0.0,0.0,,1.0,1.0,Agustus
11304861110,Masmg,masmg,580823.0,1.0,1.0,26.0,11616.46,50.0,1.0,1.0,Agustus
11354600077,üõíùêíùê°ùê®ùê© ùêïùê¢ùêùùêûùê®,pay.u,578700.0,1.0,1.0,0.0,0.0,,1.0,0.0,Agustus
11390020136,Savira,29062000_,571949.0,2.0,2.0,0.0,0.0,,2.0,2.0,Agustus
11392540705,alvarendrastore5758,alvarendrastore5758,571216.0,1.0,1.0,8.0,34272.96,16.7,1.0,0.0,Agustus
11396180088,Icha,devita_icha,569700.0,1.0,1.0,0.0,0.0,,1.0,0.0,Agustus
11395130815,Sweet Happiness ~,odin.a,569700.0,1.0,1.0,6.0,34182.0,16.7,1.0,1.0,Agustus
11339870547,Alfin Nurdiansyah,alfin_nurdiansyah,569700.0,1.0,1.0,15.0,34182.0,16.7,1.0,1.0,Agustus
11338690749,Gentishop,ykristianas,569700.0,1.0,1.0,0.0,0.0,,1.0,1.0,Agustus
11316500000,AD REVIEW,ad_review,568493.0,1.0,1.0,0.0,0.0,,1.0,0.0,Agustus
11391701236,lukmankeren028,lukmankeren028,559800.0,1.0,1.0,3.0,33588.0,16.7,1.0,0.0,Agustus
11380400785,Wildan Maulana,wildunz_,559800.0,1.0,1.0,2.0,33588.0,16.7,1.0,1.0,Agustus
11377930553,Nanang Kosim,nanang_al.kosim,559800.0,1.0,1.0,0.0,0.0,,1.0,1.0,Agustus
11397020452,pramitahapsari,pramitamita,558900.0,1.0,1.0,0.0,0.0,,1.0,1.0,Agustus
11366200948,twentyloss,twentylos,558900.0,1.0,1.0,11.0,33534.0,16.7,1.0,1.0,Agustus
11394800921,Rudi kurniawan,rudikurniwwan2,554895.0,1.0,1.0,1.0,33293.7,16.7,1.0,1.0,Agustus
11393230416,M Rizki Z,rizky.18z,552000.0,1.0,1.0,0.0,0.0,,1.0,1.0,Agustus
11395450588,kynbosss,kynboss26,543600.0,2.0,1.0,15.0,6264.0,86.8,1.0,0.0,Agustus
11336070723,Ayunda28,danil306,541152.0,1.0,1.0,0.0,0.0,,1.0,1.0,Agustus
11330310577,ria anggraini,4boyanugerah,541152.0,1.0,1.0,0.0,0.0,,1.0,0.0,Agustus
11374941113,vanessasimorangkir504,vanessasimorangkir504,540152.0,1.0,1.0,4.0,32409.12,16.7,1.0,1.0,Agustus
11385330054,lutviaamalia,lutviaamalia_28,538050.0,1.0,1.0,1.0,32283.0,16.7,1.0,1.0,Agustus
11396070198,halotasya,tasyaahutasoit,536505.0,1.0,1.0,0.0,0.0,,1.0,1.0,Agustus
11346760474,Asllipdghytrxnmk,lkngytrdsgwhiapqnhv,529188.0,1.0,1.0,26.0,31751.28,16.7,1.0,1.0,Agustus
11314570385,Grand Duchess Scuzont,vindymeusal,529188.0,1.0,1.0,0.0,0.0,,1.0,1.0,Agustus
11343500903,nurecco.id,nurecco.id,522927.0,1.0,1.0,3.0,5229.27,100.0,1.0,1.0,Agustus
11352390939,puput,puput3211,519067.0,1.0,1.0,2.0,31144.02,16.7,1.0,0.0,Agustus
11310010824,adeone1,adesafik,517500.0,1.0,1.0,0.0,0.0,,1.0,1.0,Agustus
11354960933,aamabdussalam472,aamabdussalam472,516694.0,4.0,3.0,11.0,5166.94,100.0,3.0,2.0,Agustus
11325590238,Lula Lahfah,lulahfah,513900.0,5.0,1.0,0.0,0.0,,1.0,0.0,Agustus
11329120100,Hery,hery.funk,506000.0,1.0,1.0,0.0,0.0,,1.0,1.0,Agustus
